FISHERY,ESTIMATE_TYPE,LICENCE_AREA,CALENDAR_YEAR,MGMT_AREA,VESSEL_COUNT,BOAT_DAYS,SOCKEYE_KEPT,SOCKEYE_RELD,COHO_KEPT,COHO_RELD,PINK_KEPT,PINK_RELD,CHUM_KEPT,CHUM_RELD,CHINOOK_KEPT,CHINOOK_RELD,STEELHEAD_KEPT,STEELHEAD_RELD,NOTES
SALMON TROLL,IN-SEASON,AREA F – SALMON TROLL,2005,1,48,565.00,100.00,1036.00,18671.00,7407.00,2606.00,4055.00,1.00,214.00,14813.00,1384.00,0.00,0.00,
SALMON TROLL,IN-SEASON,AREA F – SALMON TROLL,2005,2,18,206.00,0.00,46.00,6282.00,329.00,20.00,147.00,0.00,8.00,5014.00,411.00,0.00,0.00,
SALMON TROLL,IN-SEASON,AREA F – SALMON TROLL,2005,3,25,114.00,0.00,19.00,8623.00,65.00,8.00,79.00,0.00,47.00,0.00,1083.00,0.00,0.00,
SALMON TROLL,IN-SEASON,AREA F – SALMON TROLL,2005,6,26,316.00,0.00,208.00,41430.00,54.00,2344.00,2896.00,0.00,373.00,22.00,2384.00,0.00,0.00,
SALMON TROLL,IN-SEASON,AREA F – SALMON TROLL,2005,7,7,33.00,0.00,46.00,1695.00,3.00,45.00,115.00,0.00,34.00,0.00,234.00,0.00,0.00,
SALMON TROLL,IN-SEASON,AREA F – SALMON TROLL,2005,8,6,24.00,0.00,100.00,1133.00,0.00,84.00,26.00,0.00,20.00,0.00,186.00,0.00,0.00,
SALMON TROLL,IN-SEASON,AREA G – SALMON TROLL,2005,12,0,0.00,0.00,0.00,0.00,0.00,0.00,0.00,0.00,0.00,0.00,0.00,0.00,0.00,
SALMON TROLL,IN-SEASON,AREA H – SALMON TROLL,2005,12,24,95.00,1893.00,0.00,0.00,177.00,2121.00,12.00,6725.00,0.00,0.00,135.00,0.00,0.00,
SALMON TROLL,IN-SEASON,AREA H – SALMON TROLL,2005,13,78,628.00,18283.00,1.00,4.00,1051.00,19876.00,437.00,41909.00,0.00,0.00,196.00,0.00,0.00,
SALMON TROLL,IN-SEASON,AREA H – SALMON TROLL,2005,14,8,28.00,1.00,0.00,0.00,1.00,0.00,0.00,383.00,0.00,0.00,9.00,0.00,0.00,
SALMON TROLL,IN-SEASON,AREA H – SALMON TROLL,2005,16,0,1.00,,,,,,,,,,,,,Catch figures omitted due to privacy restrictions.
SALMON TROLL,IN-SEASON,AREA H – SALMON TROLL,2005,17,0,0.00,0.00,0.00,0.00,0.00,0.00,0.00,0.00,0.00,0.00,0.00,0.00,0.00,
SALMON TROLL,IN-SEASON,AREA H – SALMON TROLL,2005,18,1,0.00,,,,,,,,,,,,,Catch figures omitted due to privacy restrictions.
SALMON TROLL,IN-SEASON,AREA G – SALMON TROLL,2005,23,26,199.00,0.00,4.00,7.00,45.00,0.00,0.00,0.00,8.00,2546.00,541.00,0.00,0.00,
SALMON TROLL,IN-SEASON,AREA G – SALMON TROLL,2005,24,0,1.00,,,,,,,,,,,,,Catch figures omitted due to privacy restrictions.
SALMON TROLL,IN-SEASON,AREA G – SALMON TROLL,2005,25,5,22.00,0.00,0.00,0.00,0.00,0.00,0.00,1.00,0.00,342.00,11.00,0.00,0.00,
SALMON TROLL,IN-SEASON,AREA G – SALMON TROLL,2005,26,10,15.00,0.00,0.00,0.00,0.00,0.00,0.00,0.00,0.00,287.00,7.00,0.00,0.00,
SALMON TROLL,IN-SEASON,AREA G – SALMON TROLL,2005,27,3,4.00,0.00,0.00,0.00,0.00,0.00,0.00,0.00,0.00,28.00,10.00,0.00,0.00,
SALMON TROLL,IN-SEASON,AREA H – SALMON TROLL,2005,29,2,2.00,,,,,,,,,,,,,Catch figures omitted due to privacy restrictions.
SALMON TROLL,IN-SEASON,AREA F – SALMON TROLL,2005,101,141,3840.00,107.00,7627.00,181516.00,39613.00,36943.00,38998.00,52.00,1202.00,122336.00,13976.00,0.00,0.00,
SALMON TROLL,IN-SEASON,AREA F – SALMON TROLL,2005,102,7,98.00,0.00,0.00,14845.00,0.00,0.00,0.00,0.00,2.00,0.00,285.00,0.00,0.00,
SALMON TROLL,IN-SEASON,AREA F – SALMON TROLL,2005,104,23,135.00,0.00,170.00,27341.00,0.00,1416.00,1820.00,0.00,44.00,72.00,610.00,0.00,0.00,
SALMON TROLL,IN-SEASON,AREA F – SALMON TROLL,2005,105,8,26.00,0.00,1.00,3003.00,0.00,45.00,4.00,0.00,0.00,0.00,513.00,0.00,0.00,
SALMON TROLL,IN-SEASON,AREA F – SALMON TROLL,2005,106,9,34.00,0.00,19.00,3776.00,0.00,105.00,75.00,0.00,15.00,0.00,285.00,0.00,0.00,
SALMON TROLL,IN-SEASON,AREA F – SALMON TROLL,2005,107,1,4.00,,,,,,,,,,,,,Catch figures omitted due to privacy restrictions.
SALMON TROLL,IN-SEASON,AREA F – SALMON TROLL,2005,108,3,5.00,0.00,6.00,65.00,0.00,8.00,0.00,1.00,0.00,0.00,21.00,0.00,0.00,
SALMON TROLL,IN-SEASON,AREA F – SALMON TROLL,2005,109,0,0.00,0.00,0.00,0.00,0.00,0.00,0.00,0.00,0.00,0.00,0.00,0.00,0.00,
SALMON TROLL,IN-SEASON,AREA F – SALMON TROLL,2005,110,2,11.00,,,,,,,,,,,,,Catch figures omitted due to privacy restrictions.
SALMON TROLL,IN-SEASON,AREA G – SALMON TROLL,2005,123,110,706.00,0.00,0.00,479.00,2055.00,6.00,26.00,226.00,83.00,30874.00,3597.00,0.00,0.00,
SALMON TROLL,IN-SEASON,AREA G – SALMON TROLL,2005,124,74,338.00,0.00,0.00,948.00,1403.00,8.00,4.00,697.00,0.00,7581.00,525.00,0.00,0.00,
SALMON TROLL,IN-SEASON,AREA G – SALMON TROLL,2005,125,97,643.00,0.00,0.00,29.00,236.00,6.00,31.00,167.00,2.00,17630.00,932.00,0.00,0.00,
SALMON TROLL,IN-SEASON,AREA G – SALMON TROLL,2005,126,147,2605.00,0.00,3.00,346.00,1503.00,37.00,54.00,821.00,36.00,73665.00,3844.00,0.00,0.00,
SALMON TROLL,IN-SEASON,AREA G – SALMON TROLL,2005,127,37,350.00,0.00,2.00,201.00,834.00,14.00,0.00,342.00,4.00,7441.00,794.00,0.00,0.00,
SALMON TROLL,IN-SEASON,AREA F – SALMON TROLL,2005,130,0,0.00,0.00,0.00,0.00,0.00,0.00,0.00,0.00,0.00,0.00,0.00,0.00,0.00,
SALMON TROLL,IN-SEASON,AREA F – SALMON TROLL,2005,142,35,377.00,0.00,100.00,0.00,3009.00,40.00,1511.00,0.00,31.00,13012.00,458.00,0.00,0.00,
SALMON TROLL,IN-SEASON,AREA F – SALMON TROLL,2006,1,90,924.00,1814.00,427.00,29769.00,3678.00,4716.00,4628.00,5.00,83.00,18072.00,1366.00,0.00,0.00,NA
SALMON TROLL,IN-SEASON,AREA F – SALMON TROLL,2006,2,17,122.00,0.00,536.00,2425.00,264.00,946.00,791.00,0.00,17.00,3828.00,84.00,0.00,0.00,NA
SALMON TROLL,IN-SEASON,AREA F – SALMON TROLL,2006,3,10,30.00,3.00,0.00,1165.00,0.00,36.00,2.00,0.00,0.00,0.00,0.00,0.00,0.00,NA
SALMON TROLL,IN-SEASON,AREA F – SALMON TROLL,2006,6,28,151.00,0.00,56.00,9297.00,5.00,396.00,86.00,0.00,0.00,0.00,0.00,0.00,0.00,NA
SALMON TROLL,IN-SEASON,AREA F – SALMON TROLL,2006,7,11,23.00,0.00,38.00,1186.00,14.00,32.00,12.00,0.00,0.00,0.00,0.00,0.00,0.00,NA
SALMON TROLL,IN-SEASON,AREA F – SALMON TROLL,2006,8,2,1.00,NA,NA,NA,NA,NA,NA,NA,NA,NA,NA,NA,NA,Catch figures omitted due to privacy restrictions.
SALMON TROLL,IN-SEASON,AREA F – SALMON TROLL,2006,9,0,0.00,0.00,0.00,0.00,0.00,0.00,0.00,0.00,0.00,0.00,0.00,0.00,0.00,NA
SALMON TROLL,IN-SEASON,AREA F – SALMON TROLL,2006,10,0,0.00,0.00,0.00,0.00,0.00,0.00,0.00,0.00,0.00,0.00,0.00,0.00,0.00,NA
SALMON TROLL,IN-SEASON,AREA G – SALMON TROLL,2006,11,8,16.00,4553.00,0.00,0.00,6.00,18.00,1.00,1.00,0.00,0.00,22.00,0.00,0.00,NA
SALMON TROLL,IN-SEASON,AREA G – SALMON TROLL,2006,12,51,212.00,71751.00,1.00,0.00,416.00,252.00,201.00,46.00,7.00,10.00,358.00,0.00,0.00,NA
SALMON TROLL,IN-SEASON,AREA H – SALMON TROLL,2006,12,97,693.00,173924.00,156.00,0.00,206.00,839.00,659.00,5591.00,40.00,2.00,453.00,0.00,0.00,NA
SALMON TROLL,IN-SEASON,AREA H – SALMON TROLL,2006,13,83,667.00,42504.00,81.00,0.00,242.00,969.00,359.00,62298.00,0.00,3.00,157.00,0.00,0.00,NA
SALMON TROLL,IN-SEASON,AREA H – SALMON TROLL,2006,14,7,17.00,0.00,0.00,0.00,0.00,0.00,0.00,695.00,1.00,0.00,1.00,0.00,0.00,NA
SALMON TROLL,IN-SEASON,AREA H – SALMON TROLL,2006,18,3,7.00,172.00,0.00,0.00,0.00,0.00,0.00,0.00,0.00,0.00,2.00,0.00,0.00,NA
SALMON TROLL,IN-SEASON,AREA G – SALMON TROLL,2006,23,17,207.00,0.00,0.00,4.00,0.00,0.00,0.00,1.00,0.00,2013.00,452.00,0.00,0.00,NA
SALMON TROLL,IN-SEASON,AREA G – SALMON TROLL,2006,24,6,22.00,0.00,0.00,0.00,0.00,0.00,0.00,0.00,0.00,229.00,16.00,0.00,0.00,NA
SALMON TROLL,IN-SEASON,AREA G – SALMON TROLL,2006,25,7,16.00,0.00,0.00,0.00,0.00,0.00,0.00,0.00,0.00,116.00,19.00,0.00,0.00,NA
SALMON TROLL,IN-SEASON,AREA G – SALMON TROLL,2006,26,2,12.00,NA,NA,NA,NA,NA,NA,NA,NA,NA,NA,NA,NA,Catch figures omitted due to privacy restrictions.
SALMON TROLL,IN-SEASON,AREA G – SALMON TROLL,2006,27,3,8.00,0.00,0.00,0.00,0.00,0.00,0.00,1.00,0.00,41.00,5.00,0.00,0.00,NA
SALMON TROLL,IN-SEASON,AREA H – SALMON TROLL,2006,29,7,8.00,45.00,0.00,0.00,0.00,0.00,0.00,0.00,0.00,0.00,6.00,0.00,0.00,NA
SALMON TROLL,IN-SEASON,AREA F – SALMON TROLL,2006,101,164,4031.00,9299.00,3005.00,81853.00,18559.00,30160.00,13397.00,155.00,596.00,98433.00,6523.00,0.00,0.00,NA
SALMON TROLL,IN-SEASON,AREA F – SALMON TROLL,2006,102,6,26.00,2.00,0.00,2024.00,3.00,126.00,0.00,0.00,0.00,0.00,0.00,0.00,0.00,NA
SALMON TROLL,IN-SEASON,AREA F – SALMON TROLL,2006,104,17,75.00,97.00,2.00,8415.00,0.00,960.00,219.00,0.00,1.00,73.00,314.00,0.00,0.00,NA
SALMON TROLL,IN-SEASON,AREA F – SALMON TROLL,2006,105,2,2.00,NA,NA,NA,NA,NA,NA,NA,NA,NA,NA,NA,NA,Catch figures omitted due to privacy restrictions.
SALMON TROLL,IN-SEASON,AREA F – SALMON TROLL,2006,106,4,11.00,76.00,56.00,252.00,0.00,68.00,6.00,0.00,0.00,0.00,0.00,0.00,0.00,NA
SALMON TROLL,IN-SEASON,AREA F – SALMON TROLL,2006,107,2,1.00,NA,NA,NA,NA,NA,NA,NA,NA,NA,NA,NA,NA,Catch figures omitted due to privacy restrictions.
SALMON TROLL,IN-SEASON,AREA F – SALMON TROLL,2006,108,2,0.00,NA,NA,NA,NA,NA,NA,NA,NA,NA,NA,NA,NA,Catch figures omitted due to privacy restrictions.
SALMON TROLL,IN-SEASON,AREA F – SALMON TROLL,2006,109,1,0.00,NA,NA,NA,NA,NA,NA,NA,NA,NA,NA,NA,NA,Catch figures omitted due to privacy restrictions.
SALMON TROLL,IN-SEASON,AREA F – SALMON TROLL,2006,110,1,0.00,NA,NA,NA,NA,NA,NA,NA,NA,NA,NA,NA,NA,Catch figures omitted due to privacy restrictions.
SALMON TROLL,IN-SEASON,AREA G – SALMON TROLL,2006,111,1,2.00,NA,NA,NA,NA,NA,NA,NA,NA,NA,NA,NA,NA,Catch figures omitted due to privacy restrictions.
SALMON TROLL,IN-SEASON,AREA G – SALMON TROLL,2006,123,95,1167.00,5812.00,3.00,572.00,3692.00,4.00,4.00,122.00,0.00,51410.00,4834.00,0.00,0.00,NA
SALMON TROLL,IN-SEASON,AREA G – SALMON TROLL,2006,124,77,377.00,84111.00,4.00,30.00,369.00,5.00,20.00,49.00,1.00,1625.00,2621.00,0.00,0.00,NA
SALMON TROLL,IN-SEASON,AREA G – SALMON TROLL,2006,125,92,608.00,4147.00,8.00,1218.00,2396.00,1.00,0.00,333.00,50.00,14059.00,1586.00,0.00,0.00,NA
SALMON TROLL,IN-SEASON,AREA G – SALMON TROLL,2006,126,110,1639.00,626.00,5.00,769.00,2704.00,58.00,10.00,651.00,3.00,27673.00,1145.00,0.00,0.00,NA
SALMON TROLL,IN-SEASON,AREA G – SALMON TROLL,2006,127,50,580.00,6581.00,3.00,51.00,1740.00,25.00,21.00,485.00,49.00,8658.00,927.00,0.00,0.00,NA
SALMON TROLL,IN-SEASON,AREA F – SALMON TROLL,2006,142,37,268.00,0.00,1551.00,1877.00,771.00,662.00,1786.00,0.00,79.00,8886.00,145.00,0.00,0.00,NA
SALMON TROLL,IN-SEASON,AREA F – SALMON TROLL,2007,1,67,667.00,466.00,335.00,18573.00,2912.00,6075.00,5828.00,44.00,59.00,9857.00,1248.00,0.00,0.00,
SALMON TROLL,IN-SEASON,AREA F – SALMON TROLL,2007,2,10,90.00,0.00,67.00,1338.00,158.00,266.00,342.00,0.00,13.00,2013.00,29.00,0.00,0.00,
SALMON TROLL,IN-SEASON,AREA F – SALMON TROLL,2007,6,35,265.00,1.00,17.00,26516.00,0.00,4235.00,1391.00,4.00,25.00,0.00,1550.00,0.00,0.00,
SALMON TROLL,IN-SEASON,AREA F – SALMON TROLL,2007,7,9,34.00,0.00,6.00,1668.00,2.00,6.00,51.00,0.00,4.00,0.00,252.00,0.00,0.00,
SALMON TROLL,IN-SEASON,AREA F – SALMON TROLL,2007,8,1,1.00,,,,,,,,,,,,,Catch figures omitted due to privacy restrictions.
SALMON TROLL,IN-SEASON,AREA H – SALMON TROLL,2007,12,3,5.00,0.00,0.00,0.00,2.00,1.00,0.00,145.00,0.00,0.00,17.00,0.00,0.00,
SALMON TROLL,IN-SEASON,AREA H – SALMON TROLL,2007,13,58,457.00,0.00,142.00,0.00,663.00,1844.00,14.00,40011.00,228.00,0.00,269.00,0.00,0.00,
SALMON TROLL,IN-SEASON,AREA H – SALMON TROLL,2007,14,4,4.00,0.00,0.00,0.00,0.00,0.00,0.00,268.00,0.00,0.00,7.00,0.00,0.00,
SALMON TROLL,IN-SEASON,AREA H – SALMON TROLL,2007,16,2,2.00,,,,,,,,,,,,,Catch figures omitted due to privacy restrictions.
SALMON TROLL,IN-SEASON,AREA H – SALMON TROLL,2007,17,0,0.00,0.00,0.00,0.00,0.00,0.00,0.00,0.00,0.00,0.00,0.00,0.00,0.00,
SALMON TROLL,IN-SEASON,AREA H – SALMON TROLL,2007,18,0,0.00,0.00,0.00,0.00,0.00,0.00,0.00,0.00,0.00,0.00,0.00,0.00,0.00,
SALMON TROLL,IN-SEASON,AREA G – SALMON TROLL,2007,23,24,248.00,0.00,6.00,0.00,26.00,0.00,0.00,2.00,0.00,2787.00,715.00,0.00,0.00,
SALMON TROLL,IN-SEASON,AREA G – SALMON TROLL,2007,24,6,18.00,0.00,0.00,0.00,20.00,0.00,0.00,3.00,0.00,234.00,6.00,0.00,0.00,
SALMON TROLL,IN-SEASON,AREA G – SALMON TROLL,2007,25,3,5.00,0.00,0.00,0.00,3.00,0.00,0.00,0.00,0.00,41.00,13.00,0.00,0.00,
SALMON TROLL,IN-SEASON,AREA G – SALMON TROLL,2007,26,3,4.00,0.00,0.00,0.00,0.00,0.00,0.00,0.00,0.00,66.00,11.00,0.00,0.00,
SALMON TROLL,IN-SEASON,AREA G – SALMON TROLL,2007,27,4,12.00,0.00,0.00,0.00,0.00,0.00,0.00,0.00,0.00,48.00,84.00,0.00,0.00,
SALMON TROLL,IN-SEASON,AREA H – SALMON TROLL,2007,29,2,5.00,,,,,,,,,,,,,Catch figures omitted due to privacy restrictions.
SALMON TROLL,IN-SEASON,AREA F – SALMON TROLL,2007,101,143,2772.00,2675.00,765.00,95527.00,11448.00,63973.00,19010.00,668.00,465.00,59218.00,6897.00,0.00,0.00,
SALMON TROLL,IN-SEASON,AREA F – SALMON TROLL,2007,102,12,54.00,0.00,0.00,5930.00,0.00,4.00,0.00,1.00,2.00,0.00,279.00,0.00,0.00,
SALMON TROLL,IN-SEASON,AREA F – SALMON TROLL,2007,104,40,311.00,280.00,4.00,36586.00,6.00,6094.00,1264.00,21.00,19.00,130.00,2073.00,0.00,0.00,
SALMON TROLL,IN-SEASON,AREA F – SALMON TROLL,2007,105,4,10.00,0.00,0.00,510.00,0.00,18.00,0.00,0.00,0.00,0.00,126.00,0.00,0.00,
SALMON TROLL,IN-SEASON,AREA F – SALMON TROLL,2007,106,2,0.00,,,,,,,,,,,,,Catch figures omitted due to privacy restrictions.
SALMON TROLL,IN-SEASON,AREA F – SALMON TROLL,2007,107,0,0.00,0.00,0.00,0.00,0.00,0.00,0.00,0.00,0.00,0.00,0.00,0.00,0.00,
SALMON TROLL,IN-SEASON,AREA F – SALMON TROLL,2007,108,1,1.00,,,,,,,,,,,,,Catch figures omitted due to privacy restrictions.
SALMON TROLL,IN-SEASON,AREA F – SALMON TROLL,2007,109,0,0.00,0.00,0.00,0.00,0.00,0.00,0.00,0.00,0.00,0.00,0.00,0.00,0.00,
SALMON TROLL,IN-SEASON,AREA F – SALMON TROLL,2007,110,1,1.00,,,,,,,,,,,,,Catch figures omitted due to privacy restrictions.
SALMON TROLL,IN-SEASON,AREA G – SALMON TROLL,2007,123,82,1443.00,1.00,2.00,1354.00,5041.00,45.00,26.00,141.00,2.00,36643.00,5318.00,0.00,0.00,
SALMON TROLL,IN-SEASON,AREA G – SALMON TROLL,2007,124,36,259.00,0.00,2.00,13.00,639.00,1.00,0.00,58.00,0.00,5561.00,205.00,0.00,0.00,
SALMON TROLL,IN-SEASON,AREA G – SALMON TROLL,2007,125,35,212.00,0.00,0.00,6.00,847.00,76.00,341.00,262.00,4.00,5967.00,401.00,0.00,0.00,
SALMON TROLL,IN-SEASON,AREA G – SALMON TROLL,2007,126,58,854.00,45.00,1.00,43.00,1778.00,532.00,224.00,313.00,16.00,14495.00,1032.00,0.00,0.00,
SALMON TROLL,IN-SEASON,AREA G – SALMON TROLL,2007,127,29,557.00,0.00,4.00,10.00,2601.00,81.00,121.00,92.00,16.00,8600.00,383.00,0.00,0.00,
SALMON TROLL,IN-SEASON,AREA F – SALMON TROLL,2007,142,35,246.00,9.00,122.00,2088.00,761.00,1309.00,1301.00,12.00,17.00,6069.00,265.00,0.00,0.00,
SALMON TROLL,IN-SEASON,AREA F – SALMON TROLL,2008,1,76,809.00,150.00,42.00,19127.00,2207.00,9449.00,1149.00,0.00,82.00,4618.00,1118.00,0.00,0.00,
SALMON TROLL,IN-SEASON,AREA F – SALMON TROLL,2008,2,12,21.00,0.00,0.00,98.00,0.00,0.00,1.00,0.00,0.00,87.00,1.00,0.00,0.00,
SALMON TROLL,IN-SEASON,AREA F – SALMON TROLL,2008,6,33,245.00,0.00,6.00,12638.00,1.00,683.00,44.00,0.00,11.00,9.00,690.00,0.00,0.00,
SALMON TROLL,IN-SEASON,AREA F – SALMON TROLL,2008,7,4,26.00,0.00,0.00,1087.00,16.00,9.00,11.00,0.00,12.00,0.00,48.00,0.00,0.00,
SALMON TROLL,IN-SEASON,AREA F – SALMON TROLL,2008,8,0,0.00,0.00,0.00,0.00,0.00,0.00,0.00,0.00,0.00,0.00,0.00,0.00,0.00,
SALMON TROLL,IN-SEASON,AREA H – SALMON TROLL,2008,12,2,3.00,,,,,,,,,,,,,Catch figures omitted due to privacy restrictions.
SALMON TROLL,IN-SEASON,AREA H – SALMON TROLL,2008,13,44,345.00,160.00,3.00,5.00,121.00,261.00,76.00,21262.00,20.00,0.00,42.00,0.00,0.00,
SALMON TROLL,IN-SEASON,AREA H – SALMON TROLL,2008,14,0,0.00,0.00,0.00,0.00,0.00,0.00,0.00,0.00,0.00,0.00,0.00,0.00,0.00,
SALMON TROLL,IN-SEASON,AREA H – SALMON TROLL,2008,18,4,9.00,341.00,0.00,0.00,0.00,7.00,0.00,0.00,0.00,0.00,0.00,0.00,0.00,
SALMON TROLL,IN-SEASON,AREA G – SALMON TROLL,2008,23,16,79.00,0.00,0.00,0.00,7.00,0.00,0.00,0.00,0.00,772.00,179.00,0.00,0.00,
SALMON TROLL,IN-SEASON,AREA G – SALMON TROLL,2008,24,4,11.00,0.00,0.00,0.00,0.00,0.00,0.00,0.00,0.00,72.00,3.00,0.00,0.00,
SALMON TROLL,IN-SEASON,AREA G – SALMON TROLL,2008,25,1,2.00,,,,,,,,,,,,,Catch figures omitted due to privacy restrictions.
SALMON TROLL,IN-SEASON,AREA G – SALMON TROLL,2008,26,3,4.00,0.00,0.00,0.00,0.00,0.00,0.00,0.00,0.00,83.00,7.00,0.00,0.00,
SALMON TROLL,IN-SEASON,AREA G – SALMON TROLL,2008,27,2,4.00,,,,,,,,,,,,,Catch figures omitted due to privacy restrictions.
SALMON TROLL,IN-SEASON,AREA H – SALMON TROLL,2008,29,1,4.00,,,,,,,,,,,,,Catch figures omitted due to privacy restrictions.
SALMON TROLL,IN-SEASON,AREA F – SALMON TROLL,2008,101,132,2897.00,303.00,147.00,39824.00,9037.00,21911.00,9466.00,54.00,316.00,38370.00,3213.00,0.00,0.00,
SALMON TROLL,IN-SEASON,AREA F – SALMON TROLL,2008,102,10,42.00,0.00,0.00,1312.00,0.00,1.00,31.00,0.00,0.00,59.00,92.00,0.00,0.00,
SALMON TROLL,IN-SEASON,AREA F – SALMON TROLL,2008,104,8,10.00,141.00,0.00,722.00,0.00,73.00,12.00,0.00,0.00,5.00,42.00,0.00,0.00,
SALMON TROLL,IN-SEASON,AREA F – SALMON TROLL,2008,105,6,19.00,0.00,0.00,1277.00,0.00,11.00,15.00,0.00,0.00,1.00,151.00,0.00,0.00,
SALMON TROLL,IN-SEASON,AREA F – SALMON TROLL,2008,106,1,2.00,,,,,,,,,,,,,Catch figures omitted due to privacy restrictions.
SALMON TROLL,IN-SEASON,AREA F – SALMON TROLL,2008,107,1,1.00,,,,,,,,,,,,,Catch figures omitted due to privacy restrictions.
SALMON TROLL,IN-SEASON,AREA F – SALMON TROLL,2008,108,0,0.00,0.00,0.00,0.00,0.00,0.00,0.00,0.00,0.00,0.00,0.00,0.00,0.00,
SALMON TROLL,IN-SEASON,AREA F – SALMON TROLL,2008,109,0,0.00,0.00,0.00,0.00,0.00,0.00,0.00,0.00,0.00,0.00,0.00,0.00,0.00,
SALMON TROLL,IN-SEASON,AREA F – SALMON TROLL,2008,110,0,0.00,0.00,0.00,0.00,0.00,0.00,0.00,0.00,0.00,0.00,0.00,0.00,0.00,
SALMON TROLL,IN-SEASON,AREA G – SALMON TROLL,2008,123,94,1511.00,1.00,5.00,242.00,6735.00,5.00,37.00,77.00,13.00,69250.00,5554.00,0.00,0.00,
SALMON TROLL,IN-SEASON,AREA G – SALMON TROLL,2008,124,39,306.00,0.00,0.00,35.00,305.00,0.00,0.00,14.00,0.00,4009.00,232.00,0.00,0.00,
SALMON TROLL,IN-SEASON,AREA G – SALMON TROLL,2008,125,38,129.00,0.00,0.00,1.00,264.00,0.00,0.00,14.00,0.00,1348.00,124.00,0.00,0.00,
SALMON TROLL,IN-SEASON,AREA G – SALMON TROLL,2008,126,43,749.00,0.00,4.00,24.00,857.00,5.00,7.00,80.00,2.00,10358.00,600.00,0.00,0.00,
SALMON TROLL,IN-SEASON,AREA G – SALMON TROLL,2008,127,36,523.00,0.00,0.00,8.00,642.00,1.00,2.00,126.00,1.00,5301.00,177.00,0.00,0.00,
SALMON TROLL,IN-SEASON,AREA F – SALMON TROLL,2008,142,24,226.00,0.00,3.00,449.00,305.00,186.00,47.00,0.00,10.00,2707.00,155.00,0.00,0.00,
SALMON TROLL,IN-SEASON,AREA F – SALMON TROLL,2009,1,69,751.00,2.00,111.00,34447.00,4456.00,10302.00,8105.00,1.00,168.00,4904.00,1363.00,0.00,0.00,
SALMON TROLL,IN-SEASON,AREA F – SALMON TROLL,2009,2,4,11.00,0.00,0.00,982.00,0.00,0.00,41.00,0.00,0.00,92.00,17.00,0.00,0.00,
SALMON TROLL,IN-SEASON,AREA F – SALMON TROLL,2009,3,45,376.00,0.00,25.00,25903.00,20.00,458.00,447.00,0.00,78.00,4.00,2546.00,0.00,0.00,
SALMON TROLL,IN-SEASON,AREA H – SALMON TROLL,2009,12,1,1.00,,,,,,,,,,,,,Catch figures omitted due to privacy restrictions.
SALMON TROLL,IN-SEASON,AREA H – SALMON TROLL,2009,13,42,429.00,0.00,366.00,6.00,1030.00,16542.00,8.00,67939.00,841.00,0.00,129.00,0.00,0.00,
SALMON TROLL,IN-SEASON,AREA H – SALMON TROLL,2009,14,1,1.00,,,,,,,,,,,,,Catch figures omitted due to privacy restrictions.
SALMON TROLL,IN-SEASON,AREA H – SALMON TROLL,2009,18,2,3.00,,,,,,,,,,,,,Catch figures omitted due to privacy restrictions.
SALMON TROLL,IN-SEASON,AREA G – SALMON TROLL,2009,23,16,128.00,0.00,0.00,0.00,0.00,0.00,0.00,0.00,0.00,778.00,122.00,0.00,0.00,
SALMON TROLL,IN-SEASON,AREA G – SALMON TROLL,2009,24,2,2.00,,,,,,,,,,,,,Catch figures omitted due to privacy restrictions.
SALMON TROLL,IN-SEASON,AREA G – SALMON TROLL,2009,25,7,26.00,0.00,0.00,0.00,0.00,0.00,0.00,0.00,0.00,240.00,91.00,0.00,0.00,
SALMON TROLL,IN-SEASON,AREA G – SALMON TROLL,2009,26,0,0.00,0.00,0.00,0.00,0.00,0.00,0.00,0.00,0.00,0.00,0.00,0.00,0.00,
SALMON TROLL,IN-SEASON,AREA G – SALMON TROLL,2009,27,6,24.00,0.00,0.00,0.00,0.00,0.00,0.00,0.00,0.00,32.00,8.00,0.00,0.00,
SALMON TROLL,IN-SEASON,AREA H – SALMON TROLL,2009,29,2,3.00,,,,,,,,,,,,,Catch figures omitted due to privacy restrictions.
SALMON TROLL,IN-SEASON,AREA F – SALMON TROLL,2009,101,146,3465.00,685.00,542.00,101854.00,32970.00,51220.00,32296.00,79.00,1490.00,59419.00,5685.00,0.00,0.00,
SALMON TROLL,IN-SEASON,AREA F – SALMON TROLL,2009,102,27,200.00,0.00,1.00,28920.00,27.00,79.00,250.00,0.00,5.00,0.00,607.00,0.00,0.00,
SALMON TROLL,IN-SEASON,AREA F – SALMON TROLL,2009,104,21,106.00,0.00,3.00,12296.00,0.00,624.00,1073.00,0.00,21.00,21.00,748.00,0.00,0.00,
SALMON TROLL,IN-SEASON,AREA F – SALMON TROLL,2009,105,20,69.00,0.00,4.00,8074.00,0.00,736.00,121.00,0.00,3.00,0.00,402.00,0.00,0.00,
SALMON TROLL,IN-SEASON,AREA G – SALMON TROLL,2009,123,65,608.00,0.00,0.00,0.00,5723.00,0.00,7.00,1.00,1.00,20669.00,2172.00,0.00,0.00,
SALMON TROLL,IN-SEASON,AREA G – SALMON TROLL,2009,124,67,426.00,0.00,6.00,0.00,2542.00,2.00,8.00,65.00,1.00,10318.00,638.00,0.00,0.00,
SALMON TROLL,IN-SEASON,AREA G – SALMON TROLL,2009,125,17,43.00,0.00,0.00,0.00,59.00,1.00,12.00,2.00,0.00,312.00,43.00,0.00,0.00,
SALMON TROLL,IN-SEASON,AREA G – SALMON TROLL,2009,126,45,880.00,16.00,6.00,0.00,676.00,62.00,34.00,22.00,0.00,10025.00,457.00,0.00,0.00,
SALMON TROLL,IN-SEASON,AREA G – SALMON TROLL,2009,127,32,442.00,0.00,2.00,0.00,3836.00,33.00,56.00,78.00,2.00,6609.00,638.00,0.00,0.00,
SALMON TROLL,IN-SEASON,AREA F – SALMON TROLL,2009,142,32,346.00,0.00,20.00,7960.00,1739.00,1637.00,1083.00,0.00,49.00,6925.00,255.00,0.00,0.00,
SALMON TROLL,IN-SEASON,AREA F – SALMON TROLL,2010,1,77,773.00,112.00,46.00,17064.00,6763.00,2954.00,2119.00,6.00,25.00,10568.00,1745.00,0.00,0.00,
SALMON TROLL,IN-SEASON,AREA F – SALMON TROLL,2010,2,15,137.00,0.00,38.00,993.00,206.00,113.00,152.00,0.00,4.00,3294.00,114.00,0.00,0.00,
SALMON TROLL,IN-SEASON,AREA F – SALMON TROLL,2010,3,51,406.00,90.00,11.00,13579.00,23.00,1299.00,176.00,0.00,73.00,16.00,2136.00,0.00,0.00,
SALMON TROLL,IN-SEASON,AREA H – SALMON TROLL,2010,12,37,389.00,131095.00,54.00,0.00,516.00,1348.00,1408.00,64.00,5.00,0.00,427.00,0.00,0.00,
SALMON TROLL,IN-SEASON,AREA H – SALMON TROLL,2010,13,45,566.00,139561.00,22.00,0.00,500.00,2442.00,835.00,325.00,16.00,0.00,263.00,0.00,0.00,
SALMON TROLL,IN-SEASON,AREA H – SALMON TROLL,2010,18,9,30.00,3279.00,0.00,0.00,3.00,8.00,8.00,0.00,0.00,0.00,9.00,0.00,0.00,
SALMON TROLL,IN-SEASON,AREA G – SALMON TROLL,2010,23,16,67.00,0.00,0.00,0.00,8.00,0.00,0.00,0.00,0.00,815.00,63.00,0.00,0.00,
SALMON TROLL,IN-SEASON,AREA G – SALMON TROLL,2010,24,4,11.00,0.00,0.00,0.00,0.00,0.00,0.00,0.00,0.00,205.00,3.00,0.00,0.00,
SALMON TROLL,IN-SEASON,AREA G – SALMON TROLL,2010,25,0,0.00,0.00,0.00,0.00,0.00,0.00,0.00,0.00,0.00,0.00,0.00,0.00,0.00,
SALMON TROLL,IN-SEASON,AREA G – SALMON TROLL,2010,26,1,6.00,,,,,,,,,,,,,Catch figures omitted due to privacy restrictions.
SALMON TROLL,IN-SEASON,AREA G – SALMON TROLL,2010,27,4,11.00,0.00,0.00,0.00,13.00,0.00,0.00,2.00,0.00,163.00,33.00,0.00,0.00,
SALMON TROLL,IN-SEASON,AREA H – SALMON TROLL,2010,29,31,319.00,107941.00,9.00,0.00,58.00,11.00,0.00,5.00,0.00,0.00,93.00,0.00,0.00,
SALMON TROLL,IN-SEASON,AREA F – SALMON TROLL,2010,101,135,2652.00,254.00,430.00,73847.00,12990.00,18430.00,6306.00,68.00,435.00,51607.00,6071.00,0.00,0.00,
SALMON TROLL,IN-SEASON,AREA F – SALMON TROLL,2010,102,18,176.00,0.00,1.00,12279.00,2.00,83.00,3.00,0.00,0.00,0.00,140.00,0.00,0.00,
SALMON TROLL,IN-SEASON,AREA F – SALMON TROLL,2010,103,3,19.00,0.00,5.00,962.00,0.00,723.00,136.00,0.00,3.00,0.00,133.00,0.00,0.00,
SALMON TROLL,IN-SEASON,AREA F – SALMON TROLL,2010,104,27,135.00,67.00,2.00,14406.00,0.00,955.00,438.00,18.00,1.00,31.00,2079.00,0.00,0.00,
SALMON TROLL,IN-SEASON,AREA F – SALMON TROLL,2010,105,12,26.00,0.00,0.00,639.00,0.00,7.00,9.00,0.00,0.00,0.00,196.00,0.00,0.00,
SALMON TROLL,IN-SEASON,AREA F – SALMON TROLL,2010,106,0,0.00,0.00,0.00,0.00,0.00,0.00,0.00,0.00,0.00,0.00,0.00,0.00,0.00,
SALMON TROLL,IN-SEASON,AREA G – SALMON TROLL,2010,123,67,794.00,0.00,30.00,369.00,1811.00,5.00,2.00,31.00,3.00,35953.00,3018.00,0.00,0.00,
SALMON TROLL,IN-SEASON,AREA G – SALMON TROLL,2010,124,43,194.00,0.00,3.00,10.00,87.00,0.00,0.00,4.00,0.00,7495.00,484.00,0.00,0.00,
SALMON TROLL,IN-SEASON,AREA G – SALMON TROLL,2010,125,18,40.00,0.00,6.00,0.00,17.00,1.00,0.00,0.00,0.00,1404.00,63.00,0.00,0.00,
SALMON TROLL,IN-SEASON,AREA G – SALMON TROLL,2010,126,43,373.00,0.00,64.00,50.00,304.00,40.00,21.00,327.00,11.00,13589.00,497.00,0.00,0.00,
SALMON TROLL,IN-SEASON,AREA G – SALMON TROLL,2010,127,47,586.00,0.00,13.00,29.00,607.00,1.00,5.00,36.00,1.00,19344.00,1091.00,0.00,0.00,
SALMON TROLL,IN-SEASON,AREA F – SALMON TROLL,2010,142,44,634.00,0.00,541.00,4526.00,2011.00,2577.00,1782.00,0.00,110.00,18928.00,724.00,0.00,0.00,
SALMON TROLL,IN-SEASON,AREA F – SALMON TROLL,2011,1,53,477.00,1553.00,15.00,37917.00,744.00,8314.00,1785.00,8.00,713.00,3406.00,6536.00,0.00,0.00,
SALMON TROLL,IN-SEASON,AREA F – SALMON TROLL,2011,2,6,30.00,92.00,0.00,518.00,215.00,0.00,157.00,0.00,26.00,1437.00,232.00,0.00,0.00,
SALMON TROLL,IN-SEASON,AREA F – SALMON TROLL,2011,6,35,186.00,77.00,49.00,13849.00,8.00,2810.00,645.00,0.00,243.00,0.00,1143.00,0.00,0.00,
SALMON TROLL,IN-SEASON,AREA H – SALMON TROLL,2011,12,12,42.00,952.00,426.00,0.00,84.00,8357.00,0.00,1147.00,10.00,0.00,36.00,0.00,0.00,
SALMON TROLL,IN-SEASON,AREA H – SALMON TROLL,2011,13,41,501.00,10715.00,583.00,0.00,703.00,40612.00,975.00,105544.00,6.00,0.00,177.00,0.00,0.00,
SALMON TROLL,IN-SEASON,AREA H – SALMON TROLL,2011,14,1,1.00,,,,,,,,,,,,,Catch figures omitted due to privacy restrictions.
SALMON TROLL,IN-SEASON,AREA H – SALMON TROLL,2011,18,0,0.00,0.00,0.00,0.00,0.00,0.00,0.00,0.00,0.00,0.00,0.00,0.00,0.00,
SALMON TROLL,IN-SEASON,AREA G – SALMON TROLL,2011,23,10,57.00,0.00,0.00,0.00,0.00,1.00,0.00,0.00,0.00,646.00,20.00,0.00,0.00,
SALMON TROLL,IN-SEASON,AREA G – SALMON TROLL,2011,24,2,5.00,,,,,,,,,,,,,Catch figures omitted due to privacy restrictions.
SALMON TROLL,IN-SEASON,AREA G – SALMON TROLL,2011,25,0,0.00,0.00,0.00,0.00,0.00,0.00,0.00,0.00,0.00,0.00,0.00,0.00,0.00,
SALMON TROLL,IN-SEASON,AREA G – SALMON TROLL,2011,26,1,2.00,,,,,,,,,,,,,Catch figures omitted due to privacy restrictions.
SALMON TROLL,IN-SEASON,AREA G – SALMON TROLL,2011,27,3,13.00,0.00,0.00,0.00,8.00,0.00,4.00,0.00,0.00,383.00,18.00,0.00,0.00,
SALMON TROLL,IN-SEASON,AREA H – SALMON TROLL,2011,29,6,35.00,1384.00,0.00,0.00,5.00,1281.00,245.00,0.00,0.00,52.00,26.00,0.00,0.00,
SALMON TROLL,IN-SEASON,AREA F – SALMON TROLL,2011,101,136,2325.00,4739.00,184.00,182376.00,10612.00,43907.00,10628.00,2.00,4084.00,55719.00,19891.00,0.00,0.00,
SALMON TROLL,IN-SEASON,AREA F – SALMON TROLL,2011,102,9,77.00,88.00,0.00,6003.00,0.00,180.00,18.00,0.00,8.00,0.00,847.00,0.00,0.00,
SALMON TROLL,IN-SEASON,AREA F – SALMON TROLL,2011,103,6,18.00,10.00,0.00,2348.00,0.00,157.00,17.00,0.00,24.00,0.00,219.00,0.00,0.00,
SALMON TROLL,IN-SEASON,AREA F – SALMON TROLL,2011,104,39,299.00,92.00,2.00,49604.00,9.00,2506.00,792.00,0.00,169.00,0.00,6024.00,0.00,0.00,
SALMON TROLL,IN-SEASON,AREA F – SALMON TROLL,2011,105,8,16.00,0.00,0.00,1147.00,0.00,20.00,40.00,0.00,3.00,0.00,186.00,0.00,0.00,
SALMON TROLL,IN-SEASON,AREA F – SALMON TROLL,2011,106,4,17.00,0.00,6.00,2083.00,0.00,48.00,77.00,0.00,33.00,0.00,325.00,0.00,0.00,
SALMON TROLL,IN-SEASON,AREA G – SALMON TROLL,2011,123,70,689.00,0.00,22.00,0.00,5264.00,39.00,129.00,12.00,3.00,44110.00,4204.00,0.00,0.00,
SALMON TROLL,IN-SEASON,AREA G – SALMON TROLL,2011,124,52,323.00,0.00,13.00,0.00,486.00,5.00,1.00,4.00,0.00,9275.00,408.00,0.00,0.00,
SALMON TROLL,IN-SEASON,AREA G – SALMON TROLL,2011,125,40,134.00,0.00,139.00,0.00,1214.00,24.00,172.00,7.00,5.00,4958.00,383.00,0.00,0.00,
SALMON TROLL,IN-SEASON,AREA G – SALMON TROLL,2011,126,65,596.00,0.00,44.00,0.00,1232.00,97.00,309.00,184.00,105.00,28862.00,510.00,0.00,0.00,
SALMON TROLL,IN-SEASON,AREA G – SALMON TROLL,2011,127,57,1868.00,0.00,26.00,0.00,4017.00,11.00,172.00,27.00,22.00,32937.00,688.00,0.00,0.00,
SALMON TROLL,IN-SEASON,AREA F – SALMON TROLL,2011,142,20,155.00,0.00,3.00,802.00,1527.00,41.00,337.00,0.00,27.00,10483.00,691.00,0.00,0.00,
SALMON TROLL,IN-SEASON,AREA F – SALMON TROLL,2012,1,88,848.00,599.00,46.00,49920.00,3446.00,13572.00,2500.00,6.00,184.00,7984.00,2089.00,0.00,0.00,
SALMON TROLL,IN-SEASON,AREA F – SALMON TROLL,2012,2,18,132.00,0.00,53.00,718.00,148.00,818.00,28.00,0.00,25.00,2985.00,231.00,0.00,0.00,
SALMON TROLL,IN-SEASON,AREA F – SALMON TROLL,2012,3,36,321.00,85.00,1.00,13900.00,0.00,185.00,171.00,0.00,26.00,0.00,1221.00,0.00,0.00,
SALMON TROLL,IN-SEASON,AREA H – SALMON TROLL,2012,12,1,1.00,,,,,,,,,,,,,Catch figures omitted due to privacy restrictions.
SALMON TROLL,IN-SEASON,AREA H – SALMON TROLL,2012,13,26,247.00,0.00,6.00,0.00,439.00,10.00,10.00,27481.00,0.00,0.00,22.00,0.00,0.00,
SALMON TROLL,IN-SEASON,AREA H – SALMON TROLL,2012,14,0,0.00,0.00,0.00,0.00,0.00,0.00,0.00,0.00,0.00,0.00,0.00,0.00,0.00,
SALMON TROLL,IN-SEASON,AREA G – SALMON TROLL,2012,23,12,103.00,0.00,0.00,0.00,0.00,0.00,0.00,0.00,0.00,934.00,208.00,0.00,0.00,
SALMON TROLL,IN-SEASON,AREA G – SALMON TROLL,2012,24,1,1.00,,,,,,,,,,,,,Catch figures omitted due to privacy restrictions.
SALMON TROLL,IN-SEASON,AREA G – SALMON TROLL,2012,25,1,4.00,,,,,,,,,,,,,Catch figures omitted due to privacy restrictions.
SALMON TROLL,IN-SEASON,AREA G – SALMON TROLL,2012,26,0,0.00,0.00,0.00,0.00,0.00,0.00,0.00,0.00,0.00,0.00,0.00,0.00,0.00,
SALMON TROLL,IN-SEASON,AREA G – SALMON TROLL,2012,27,4,14.00,0.00,0.00,0.00,0.00,0.00,0.00,0.00,0.00,323.00,13.00,0.00,0.00,
SALMON TROLL,IN-SEASON,AREA F – SALMON TROLL,2012,101,146,3147.00,1362.00,388.00,90029.00,13097.00,42275.00,11715.00,32.00,552.00,54020.00,6864.00,0.00,0.00,
SALMON TROLL,IN-SEASON,AREA F – SALMON TROLL,2012,102,7,82.00,0.00,0.00,8584.00,0.00,0.00,0.00,0.00,0.00,0.00,239.00,0.00,0.00,
SALMON TROLL,IN-SEASON,AREA F – SALMON TROLL,2012,103,4,39.00,6.00,0.00,3752.00,0.00,1493.00,549.00,0.00,111.00,167.00,548.00,0.00,0.00,
SALMON TROLL,IN-SEASON,AREA F – SALMON TROLL,2012,104,39,258.00,96.00,3.00,46677.00,25.00,4139.00,691.00,3.00,58.00,431.00,3062.00,0.00,0.00,
SALMON TROLL,IN-SEASON,AREA F – SALMON TROLL,2012,105,5,4.00,0.00,0.00,121.00,0.00,32.00,0.00,0.00,0.00,0.00,18.00,0.00,0.00,
SALMON TROLL,IN-SEASON,AREA F – SALMON TROLL,2012,106,1,1.00,,,,,,,,,,,,,Catch figures omitted due to privacy restrictions.
SALMON TROLL,IN-SEASON,AREA G – SALMON TROLL,2012,123,51,422.00,4.00,2.00,1730.00,5169.00,1.00,0.00,27.00,0.00,21625.00,4660.00,0.00,0.00,
SALMON TROLL,IN-SEASON,AREA G – SALMON TROLL,2012,124,25,56.00,0.00,0.00,0.00,37.00,0.00,0.00,0.00,0.00,445.00,8.00,0.00,0.00,
SALMON TROLL,IN-SEASON,AREA G – SALMON TROLL,2012,125,17,37.00,0.00,0.00,0.00,21.00,4.00,3.00,4.00,0.00,940.00,33.00,0.00,0.00,
SALMON TROLL,IN-SEASON,AREA G – SALMON TROLL,2012,126,66,575.00,0.00,0.00,13.00,94.00,14.00,52.00,65.00,10.00,20187.00,436.00,0.00,0.00,
SALMON TROLL,IN-SEASON,AREA G – SALMON TROLL,2012,127,38,411.00,0.00,0.00,363.00,2459.00,9.00,81.00,137.00,2.00,14702.00,1108.00,0.00,0.00,
SALMON TROLL,IN-SEASON,AREA F – SALMON TROLL,2012,142,51,629.00,6.00,57.00,1751.00,1298.00,2818.00,148.00,0.00,80.00,14935.00,924.00,0.00,0.00,
SALMON TROLL,IN-SEASON,AREA F – SALMON TROLL,2013,1,66,589.00,0.00,74.00,49069.00,2562.00,8039.00,7294.00,2.00,353.00,5786.00,4665.00,0.00,0.00,
SALMON TROLL,IN-SEASON,AREA F – SALMON TROLL,2013,2,8,77.00,0.00,6.00,2.00,715.00,171.00,231.00,0.00,32.00,3316.00,204.00,0.00,0.00,
SALMON TROLL,IN-SEASON,AREA F – SALMON TROLL,2013,3,57,946.00,0.00,38.00,77146.00,5.00,5830.00,9236.00,1.00,1455.00,0.00,6866.00,0.00,0.00,
SALMON TROLL,IN-SEASON,AREA F – SALMON TROLL,2013,6,31,218.00,0.00,16.00,17318.00,0.00,2504.00,1920.00,0.00,71.00,0.00,1180.00,0.00,0.00,
SALMON TROLL,IN-SEASON,AREA H – SALMON TROLL,2013,12,0,0.00,0.00,0.00,0.00,0.00,0.00,0.00,0.00,0.00,0.00,0.00,0.00,0.00,
SALMON TROLL,IN-SEASON,AREA H – SALMON TROLL,2013,13,18,204.00,0.00,7.00,0.00,859.00,118.00,26.00,42375.00,0.00,0.00,13.00,0.00,0.00,
SALMON TROLL,IN-SEASON,AREA G – SALMON TROLL,2013,23,13,96.00,0.00,0.00,0.00,1.00,0.00,0.00,0.00,0.00,582.00,128.00,0.00,0.00,
SALMON TROLL,IN-SEASON,AREA G – SALMON TROLL,2013,24,1,1.00,,,,,,,,,,,,,Catch figures omitted due to privacy restrictions.
SALMON TROLL,IN-SEASON,AREA G – SALMON TROLL,2013,25,0,0.00,0.00,0.00,0.00,0.00,0.00,0.00,0.00,0.00,0.00,0.00,0.00,0.00,
SALMON TROLL,IN-SEASON,AREA G – SALMON TROLL,2013,26,0,1.00,,,,,,,,,,,,,Catch figures omitted due to privacy restrictions.
SALMON TROLL,IN-SEASON,AREA G – SALMON TROLL,2013,27,2,5.00,,,,,,,,,,,,,Catch figures omitted due to privacy restrictions.
SALMON TROLL,IN-SEASON,AREA F – SALMON TROLL,2013,101,129,2630.00,0.00,532.00,168950.00,15459.00,84693.00,35903.00,295.00,2549.00,53700.00,17584.00,0.00,0.00,
SALMON TROLL,IN-SEASON,AREA F – SALMON TROLL,2013,102,16,151.00,0.00,1.00,24036.00,0.00,168.00,0.00,0.00,5.00,0.00,1504.00,0.00,0.00,
SALMON TROLL,IN-SEASON,AREA F – SALMON TROLL,2013,103,7,26.00,0.00,3.00,2353.00,0.00,379.00,2676.00,0.00,59.00,0.00,620.00,0.00,0.00,
SALMON TROLL,IN-SEASON,AREA F – SALMON TROLL,2013,104,23,150.00,0.00,5.00,26307.00,21.00,2834.00,1515.00,6.00,29.00,0.00,5747.00,0.00,0.00,
SALMON TROLL,IN-SEASON,AREA F – SALMON TROLL,2013,105,20,177.00,0.00,20.00,30324.00,16.00,3919.00,2901.00,0.00,54.00,0.00,4412.00,0.00,0.00,
SALMON TROLL,IN-SEASON,AREA F – SALMON TROLL,2013,106,6,29.00,0.00,4.00,3803.00,0.00,519.00,306.00,0.00,26.00,0.00,479.00,0.00,0.00,
SALMON TROLL,IN-SEASON,AREA G – SALMON TROLL,2013,123,59,378.00,0.00,0.00,802.00,1554.00,7.00,14.00,22.00,1.00,22893.00,3076.00,0.00,0.00,
SALMON TROLL,IN-SEASON,AREA G – SALMON TROLL,2013,124,39,165.00,0.00,0.00,27.00,50.00,0.00,0.00,0.00,0.00,2334.00,76.00,0.00,0.00,
SALMON TROLL,IN-SEASON,AREA G – SALMON TROLL,2013,125,17,37.00,0.00,0.00,273.00,0.00,12.00,0.00,4.00,0.00,456.00,59.00,0.00,0.00,
SALMON TROLL,IN-SEASON,AREA G – SALMON TROLL,2013,126,53,355.00,0.00,0.00,1599.00,34.00,9.00,0.00,54.00,1.00,4614.00,105.00,0.00,0.00,
SALMON TROLL,IN-SEASON,AREA G – SALMON TROLL,2013,127,30,244.00,0.00,0.00,3425.00,1.00,2.00,3.00,50.00,1.00,2789.00,152.00,0.00,0.00,
SALMON TROLL,IN-SEASON,AREA F – SALMON TROLL,2013,142,22,142.00,0.00,17.00,0.00,1495.00,1714.00,1395.00,0.00,102.00,6741.00,454.00,0.00,0.00,
SALMON TROLL,IN-SEASON,AREA F – SALMON TROLL,2014,1,84,1089.00,14756.00,771.00,30966.00,6774.00,7472.00,6156.00,6.00,280.00,29669.00,5194.00,0.00,0.00,
SALMON TROLL,IN-SEASON,AREA F – SALMON TROLL,2014,2,7,84.00,0.00,57.00,595.00,254.00,33.00,61.00,0.00,25.00,2988.00,114.00,0.00,0.00,
SALMON TROLL,IN-SEASON,AREA F – SALMON TROLL,2014,3,32,325.00,0.00,49.00,24759.00,4.00,504.00,530.00,3.00,68.00,0.00,1613.00,0.00,0.00,
SALMON TROLL,IN-SEASON,AREA G – SALMON TROLL,2014,11,6,10.00,2479.00,0.00,0.00,77.00,11.00,2.00,1.00,0.00,0.00,34.00,0.00,0.00,
SALMON TROLL,IN-SEASON,AREA G – SALMON TROLL,2014,12,49,138.00,32238.00,0.00,0.00,653.00,141.00,267.00,26.00,6.00,0.00,392.00,0.00,0.00,
SALMON TROLL,IN-SEASON,AREA H – SALMON TROLL,2014,12,24,353.00,109781.00,11.00,2.00,916.00,1765.00,4460.00,40.00,11.00,1.00,637.00,0.00,0.00,
SALMON TROLL,IN-SEASON,AREA H – SALMON TROLL,2014,13,32,338.00,88406.00,38.00,4.00,648.00,1280.00,1827.00,1493.00,59.00,1.00,228.00,0.00,0.00,
SALMON TROLL,IN-SEASON,AREA H – SALMON TROLL,2014,16,0,0.00,0.00,0.00,0.00,0.00,0.00,0.00,0.00,0.00,0.00,0.00,0.00,0.00,
SALMON TROLL,IN-SEASON,AREA H – SALMON TROLL,2014,18,0,0.00,0.00,0.00,0.00,0.00,0.00,0.00,0.00,0.00,0.00,0.00,0.00,0.00,
SALMON TROLL,IN-SEASON,AREA G – SALMON TROLL,2014,23,11,68.00,0.00,0.00,0.00,2.00,6.00,0.00,0.00,1.00,618.00,153.00,0.00,0.00,
SALMON TROLL,IN-SEASON,AREA G – SALMON TROLL,2014,24,0,0.00,0.00,0.00,0.00,0.00,0.00,0.00,0.00,0.00,0.00,0.00,0.00,0.00,
SALMON TROLL,IN-SEASON,AREA G – SALMON TROLL,2014,25,1,1.00,,,,,,,,,,,,,Catch figures omitted due to privacy restrictions.
SALMON TROLL,IN-SEASON,AREA G – SALMON TROLL,2014,26,0,0.00,0.00,0.00,0.00,0.00,0.00,0.00,0.00,0.00,0.00,0.00,0.00,0.00,
SALMON TROLL,IN-SEASON,AREA G – SALMON TROLL,2014,27,4,12.00,0.00,0.00,0.00,0.00,0.00,0.00,0.00,1.00,105.00,18.00,0.00,0.00,
SALMON TROLL,IN-SEASON,AREA H – SALMON TROLL,2014,29,33,351.00,112942.00,8.00,0.00,92.00,0.00,2.00,6.00,3.00,0.00,225.00,0.00,0.00,
SALMON TROLL,IN-SEASON,AREA F – SALMON TROLL,2014,101,140,2990.00,26541.00,2477.00,98469.00,24332.00,24177.00,17996.00,114.00,992.00,116257.00,11432.00,0.00,0.00,
SALMON TROLL,IN-SEASON,AREA F – SALMON TROLL,2014,102,5,48.00,0.00,17.00,5675.00,0.00,0.00,13.00,0.00,1.00,88.00,37.00,0.00,0.00,
SALMON TROLL,IN-SEASON,AREA F – SALMON TROLL,2014,103,6,10.00,3.00,0.00,681.00,0.00,35.00,259.00,0.00,2.00,0.00,114.00,0.00,0.00,
SALMON TROLL,IN-SEASON,AREA F – SALMON TROLL,2014,104,16,63.00,54.00,453.00,11904.00,0.00,1196.00,771.00,0.00,8.00,0.00,891.00,0.00,0.00,
SALMON TROLL,IN-SEASON,AREA F – SALMON TROLL,2014,105,1,6.00,,,,,,,,,,,,,Catch figures omitted due to privacy restrictions.
SALMON TROLL,IN-SEASON,AREA F – SALMON TROLL,2014,106,0,0.00,0.00,0.00,0.00,0.00,0.00,0.00,0.00,0.00,0.00,0.00,0.00,0.00,
SALMON TROLL,IN-SEASON,AREA G – SALMON TROLL,2014,111,1,3.00,,,,,,,,,,,,,Catch figures omitted due to privacy restrictions.
SALMON TROLL,IN-SEASON,AREA G – SALMON TROLL,2014,123,53,475.00,12.00,1.00,32613.00,638.00,0.00,0.00,2.00,3.00,15845.00,2189.00,0.00,0.00,
SALMON TROLL,IN-SEASON,AREA G – SALMON TROLL,2014,124,17,36.00,0.00,0.00,147.00,86.00,0.00,0.00,0.00,0.00,397.00,75.00,0.00,0.00,
SALMON TROLL,IN-SEASON,AREA G – SALMON TROLL,2014,125,19,120.00,0.00,1.00,72.00,166.00,2.00,26.00,48.00,26.00,3124.00,122.00,0.00,0.00,
SALMON TROLL,IN-SEASON,AREA G – SALMON TROLL,2014,126,68,1679.00,0.00,15.00,546.00,9309.00,86.00,105.00,1052.00,175.00,66857.00,2968.00,0.00,0.00,
SALMON TROLL,IN-SEASON,AREA G – SALMON TROLL,2014,127,47,833.00,0.00,6.00,1571.00,4994.00,8.00,19.00,68.00,29.00,20678.00,1178.00,0.00,0.00,
SALMON TROLL,IN-SEASON,AREA F – SALMON TROLL,2014,142,36,526.00,0.00,1279.00,3613.00,2288.00,852.00,2150.00,0.00,322.00,23221.00,1181.00,0.00,0.00,
SALMON TROLL,IN-SEASON,AREA F – SALMON TROLL,2015,1,58,451.00,469.00,115.00,18970.00,1901.00,3739.00,1550.00,0.00,225.00,15830.00,5236.00,0.00,0.00,
SALMON TROLL,IN-SEASON,AREA F – SALMON TROLL,2015,2,2,14.00,,,,,,,,,,,,,Catch figures omitted due to privacy restrictions.
SALMON TROLL,IN-SEASON,AREA H – SALMON TROLL,2015,12,2,7.00,,,,,,,,,,,,,Catch figures omitted due to privacy restrictions.
SALMON TROLL,IN-SEASON,AREA H – SALMON TROLL,2015,13,24,243.00,0.00,8.00,0.00,591.00,24.00,12.00,47258.00,0.00,0.00,17.00,0.00,0.00,
SALMON TROLL,IN-SEASON,AREA H – SALMON TROLL,2015,14,2,2.00,,,,,,,,,,,,,Catch figures omitted due to privacy restrictions.
SALMON TROLL,IN-SEASON,AREA G – SALMON TROLL,2015,23,14,151.00,0.00,0.00,1.00,40.00,0.00,0.00,0.00,0.00,1763.00,313.00,0.00,0.00,
SALMON TROLL,IN-SEASON,AREA G – SALMON TROLL,2015,24,1,14.00,,,,,,,,,,,,,Catch figures omitted due to privacy restrictions.
SALMON TROLL,IN-SEASON,AREA G – SALMON TROLL,2015,25,2,4.00,,,,,,,,,,,,,Catch figures omitted due to privacy restrictions.
SALMON TROLL,IN-SEASON,AREA G – SALMON TROLL,2015,26,1,1.00,,,,,,,,,,,,,Catch figures omitted due to privacy restrictions.
SALMON TROLL,IN-SEASON,AREA G – SALMON TROLL,2015,27,4,20.00,0.00,0.00,0.00,15.00,0.00,0.00,0.00,0.00,256.00,20.00,0.00,0.00,
SALMON TROLL,IN-SEASON,AREA H – SALMON TROLL,2015,29,1,1.00,,,,,,,,,,,,,Catch figures omitted due to privacy restrictions.
SALMON TROLL,IN-SEASON,AREA F – SALMON TROLL,2015,101,131,2318.00,2017.00,431.00,141632.00,7469.00,37067.00,9449.00,0.00,1474.00,81434.00,25959.00,0.00,0.00,
SALMON TROLL,IN-SEASON,AREA F – SALMON TROLL,2015,102,8,121.00,0.00,0.00,7866.00,0.00,0.00,0.00,0.00,0.00,0.00,508.00,0.00,0.00,
SALMON TROLL,IN-SEASON,AREA F – SALMON TROLL,2015,103,16,74.00,7.00,1.00,6833.00,0.00,917.00,1568.00,0.00,59.00,0.00,1722.00,0.00,0.00,
SALMON TROLL,IN-SEASON,AREA F – SALMON TROLL,2015,104,30,187.00,60.00,5.00,24653.00,0.00,1673.00,392.00,8.00,47.00,0.00,5030.00,0.00,0.00,
SALMON TROLL,IN-SEASON,AREA F – SALMON TROLL,2015,105,35,406.00,156.00,51.00,55413.00,0.00,3381.00,2092.00,0.00,244.00,0.00,10741.00,0.00,0.00,
SALMON TROLL,IN-SEASON,AREA F – SALMON TROLL,2015,106,0,0.00,0.00,0.00,0.00,0.00,0.00,0.00,0.00,0.00,0.00,0.00,0.00,0.00,
SALMON TROLL,IN-SEASON,AREA G – SALMON TROLL,2015,123,34,279.00,0.00,1.00,3038.00,575.00,4.00,22.00,11.00,1.00,8626.00,588.00,0.00,0.00,
SALMON TROLL,IN-SEASON,AREA G – SALMON TROLL,2015,124,29,285.00,0.00,0.00,11.00,96.00,0.00,3.00,2.00,0.00,3545.00,193.00,0.00,0.00,
SALMON TROLL,IN-SEASON,AREA G – SALMON TROLL,2015,125,19,58.00,0.00,0.00,3.00,67.00,0.00,1.00,9.00,0.00,3230.00,70.00,0.00,0.00,
SALMON TROLL,IN-SEASON,AREA G – SALMON TROLL,2015,126,53,440.00,0.00,0.00,25.00,371.00,1.00,5.00,59.00,16.00,15661.00,388.00,0.00,0.00,
SALMON TROLL,IN-SEASON,AREA G – SALMON TROLL,2015,127,42,1029.00,0.00,1.00,3108.00,710.00,20.00,15.00,933.00,14.00,20828.00,754.00,0.00,0.00,
SALMON TROLL,IN-SEASON,AREA F – SALMON TROLL,2015,142,19,99.00,2.00,5.00,308.00,591.00,83.00,174.00,56.00,11.00,8492.00,602.00,0.00,0.00,
SALMON TROLL,IN-SEASON,AREA F – SALMON TROLL,2016,1,66,694.00,203.00,31.00,36417.00,3010.00,7332.00,5309.00,2.00,511.00,12022.00,2320.00,0.00,0.00,
SALMON TROLL,IN-SEASON,AREA F – SALMON TROLL,2016,2,10,72.00,0.00,1.00,560.00,265.00,24.00,497.00,0.00,230.00,2358.00,180.00,0.00,0.00,
SALMON TROLL,IN-SEASON,AREA F – SALMON TROLL,2016,3,40,319.00,0.00,79.00,9241.00,19.00,615.00,297.00,0.00,154.00,0.00,1161.00,0.00,0.00,
SALMON TROLL,IN-SEASON,AREA F – SALMON TROLL,2016,6,8,55.00,0.00,2.00,2784.00,7.00,902.00,340.00,0.00,34.00,0.00,180.00,0.00,0.00,
SALMON TROLL,IN-SEASON,AREA F – SALMON TROLL,2016,7,3,21.00,0.00,4.00,1559.00,0.00,55.00,51.00,0.00,29.00,0.00,107.00,0.00,0.00,
SALMON TROLL,IN-SEASON,AREA F – SALMON TROLL,2016,8,1,1.00,,,,,,,,,,,,,Catch figures omitted due to privacy restrictions.
SALMON TROLL,IN-SEASON,AREA H – SALMON TROLL,2016,12,0,0.00,0.00,0.00,0.00,0.00,0.00,0.00,0.00,0.00,0.00,0.00,0.00,0.00,
SALMON TROLL,IN-SEASON,AREA H – SALMON TROLL,2016,13,20,247.00,0.00,3.00,0.00,89.00,0.00,1.00,65010.00,0.00,0.00,42.00,0.00,0.00,
SALMON TROLL,IN-SEASON,AREA H – SALMON TROLL,2016,14,0,0.00,0.00,0.00,0.00,0.00,0.00,0.00,0.00,0.00,0.00,0.00,0.00,0.00,
SALMON TROLL,IN-SEASON,AREA H – SALMON TROLL,2016,18,0,0.00,0.00,0.00,0.00,0.00,0.00,0.00,0.00,0.00,0.00,0.00,0.00,0.00,
SALMON TROLL,IN-SEASON,AREA G – SALMON TROLL,2016,23,9,107.00,0.00,0.00,0.00,1.00,0.00,0.00,0.00,0.00,918.00,502.00,0.00,0.00,
SALMON TROLL,IN-SEASON,AREA G – SALMON TROLL,2016,24,0,0.00,0.00,0.00,0.00,0.00,0.00,0.00,0.00,0.00,0.00,0.00,0.00,0.00,
SALMON TROLL,IN-SEASON,AREA G – SALMON TROLL,2016,25,0,0.00,0.00,0.00,0.00,0.00,0.00,0.00,0.00,0.00,0.00,0.00,0.00,0.00,
SALMON TROLL,IN-SEASON,AREA G – SALMON TROLL,2016,26,1,2.00,,,,,,,,,,,,,Catch figures omitted due to privacy restrictions.
SALMON TROLL,IN-SEASON,AREA G – SALMON TROLL,2016,27,4,12.00,0.00,0.00,0.00,0.00,0.00,0.00,1.00,0.00,153.00,15.00,0.00,0.00,
SALMON TROLL,IN-SEASON,AREA H – SALMON TROLL,2016,29,0,0.00,0.00,0.00,0.00,0.00,0.00,0.00,0.00,0.00,0.00,0.00,0.00,0.00,
SALMON TROLL,IN-SEASON,AREA F – SALMON TROLL,2016,101,131,3380.00,351.00,411.00,117850.00,12220.00,25011.00,21827.00,17.00,6391.00,121414.00,11379.00,0.00,0.00,
SALMON TROLL,IN-SEASON,AREA F – SALMON TROLL,2016,102,10,21.00,0.00,1.00,1193.00,0.00,2.00,279.00,0.00,0.00,3.00,42.00,0.00,0.00,
SALMON TROLL,IN-SEASON,AREA F – SALMON TROLL,2016,103,10,31.00,1.00,10.00,1696.00,0.00,138.00,198.00,0.00,8.00,0.00,204.00,0.00,0.00,
SALMON TROLL,IN-SEASON,AREA F – SALMON TROLL,2016,104,23,202.00,35.00,6.00,38741.00,116.00,3207.00,2684.00,0.00,56.00,0.00,2385.00,0.00,0.00,
SALMON TROLL,IN-SEASON,AREA F – SALMON TROLL,2016,105,19,91.00,1.00,4.00,5042.00,13.00,224.00,33.00,0.00,6.00,0.00,323.00,0.00,0.00,
SALMON TROLL,IN-SEASON,AREA F – SALMON TROLL,2016,106,0,0.00,0.00,0.00,0.00,0.00,0.00,0.00,0.00,0.00,0.00,0.00,0.00,0.00,
SALMON TROLL,IN-SEASON,AREA F – SALMON TROLL,2016,107,0,0.00,0.00,0.00,0.00,0.00,0.00,0.00,0.00,0.00,0.00,0.00,0.00,0.00,
SALMON TROLL,IN-SEASON,AREA F – SALMON TROLL,2016,108,0,0.00,0.00,0.00,0.00,0.00,0.00,0.00,0.00,0.00,0.00,0.00,0.00,0.00,
SALMON TROLL,IN-SEASON,AREA F – SALMON TROLL,2016,109,0,0.00,0.00,0.00,0.00,0.00,0.00,0.00,0.00,0.00,0.00,0.00,0.00,0.00,
SALMON TROLL,IN-SEASON,AREA G – SALMON TROLL,2016,123,30,161.00,0.00,0.00,130.00,760.00,0.00,0.00,12.00,0.00,3082.00,706.00,0.00,0.00,
SALMON TROLL,IN-SEASON,AREA G – SALMON TROLL,2016,124,20,61.00,0.00,0.00,0.00,114.00,0.00,0.00,2.00,0.00,475.00,74.00,0.00,0.00,
SALMON TROLL,IN-SEASON,AREA G – SALMON TROLL,2016,125,21,126.00,0.00,0.00,8.00,43.00,0.00,0.00,5.00,0.00,1911.00,30.00,0.00,0.00,
SALMON TROLL,IN-SEASON,AREA G – SALMON TROLL,2016,126,66,992.00,0.00,0.00,115.00,1147.00,5.00,1.00,102.00,3.00,20954.00,837.00,0.00,0.00,
SALMON TROLL,IN-SEASON,AREA G – SALMON TROLL,2016,127,56,1034.00,0.00,0.00,0.00,1178.00,0.00,0.00,339.00,18.00,21411.00,887.00,0.00,0.00,
SALMON TROLL,IN-SEASON,AREA F – SALMON TROLL,2016,142,29,333.00,0.00,32.00,3870.00,840.00,1316.00,160.00,0.00,652.00,13652.00,680.00,0.00,0.00,
SALMON TROLL,IN-SEASON,AREA F – SALMON TROLL,2017,1,75,877.00,0.00,434.00,46093.00,6348.00,7307.00,2981.00,17.00,399.00,14445.00,5221.00,0.00,0.00,
SALMON TROLL,IN-SEASON,AREA F – SALMON TROLL,2017,2,5,24.00,0.00,0.00,133.00,201.00,0.00,0.00,1.00,1.00,526.00,56.00,0.00,0.00,
SALMON TROLL,IN-SEASON,AREA F – SALMON TROLL,2017,3,48,356.00,0.00,72.00,11710.00,3.00,1622.00,851.00,0.00,44.00,119.00,1513.00,0.00,0.00,
SALMON TROLL,IN-SEASON,AREA F – SALMON TROLL,2017,6,7,58.00,0.00,15.00,4568.00,0.00,269.00,1.00,0.00,5.00,0.00,1778.00,0.00,0.00,
SALMON TROLL,IN-SEASON,AREA F – SALMON TROLL,2017,7,2,11.00,,,,,,,,,,,,,Catch figures omitted due to privacy restrictions.
SALMON TROLL,IN-SEASON,AREA F – SALMON TROLL,2017,8,1,7.00,,,,,,,,,,,,,Catch figures omitted due to privacy restrictions.
SALMON TROLL,IN-SEASON,AREA H – SALMON TROLL,2017,12,1,3.00,,,,,,,,,,,,,Catch figures omitted due to privacy restrictions.
SALMON TROLL,IN-SEASON,AREA H – SALMON TROLL,2017,13,21,241.00,0.00,3.00,0.00,130.00,14.00,16.00,17580.00,0.00,0.00,33.00,0.00,0.00,
SALMON TROLL,IN-SEASON,AREA H – SALMON TROLL,2017,14,0,0.00,0.00,0.00,0.00,0.00,0.00,0.00,0.00,0.00,0.00,0.00,0.00,0.00,
SALMON TROLL,IN-SEASON,AREA H – SALMON TROLL,2017,17,1,1.00,,,,,,,,,,,,,Catch figures omitted due to privacy restrictions.
SALMON TROLL,IN-SEASON,AREA H – SALMON TROLL,2017,18,0,0.00,0.00,0.00,0.00,0.00,0.00,0.00,0.00,0.00,0.00,0.00,0.00,0.00,
SALMON TROLL,IN-SEASON,AREA G – SALMON TROLL,2017,23,7,70.00,0.00,0.00,0.00,0.00,0.00,0.00,0.00,0.00,755.00,433.00,0.00,0.00,
SALMON TROLL,IN-SEASON,AREA G – SALMON TROLL,2017,24,0,0.00,0.00,0.00,0.00,0.00,0.00,0.00,0.00,0.00,0.00,0.00,0.00,0.00,
SALMON TROLL,IN-SEASON,AREA G – SALMON TROLL,2017,25,0,0.00,0.00,0.00,0.00,0.00,0.00,0.00,0.00,0.00,0.00,0.00,0.00,0.00,
SALMON TROLL,IN-SEASON,AREA G – SALMON TROLL,2017,26,1,1.00,,,,,,,,,,,,,Catch figures omitted due to privacy restrictions.
SALMON TROLL,IN-SEASON,AREA G – SALMON TROLL,2017,27,0,0.00,0.00,0.00,0.00,0.00,0.00,0.00,0.00,0.00,0.00,0.00,0.00,0.00,
SALMON TROLL,IN-SEASON,AREA H – SALMON TROLL,2017,29,1,0.00,,,,,,,,,,,,,Catch figures omitted due to privacy restrictions.
SALMON TROLL,IN-SEASON,AREA F – SALMON TROLL,2017,101,140,3634.00,0.00,1871.00,225873.00,22602.00,25459.00,9318.00,321.00,1627.00,79619.00,21583.00,0.00,0.00,
SALMON TROLL,IN-SEASON,AREA F – SALMON TROLL,2017,102,4,21.00,0.00,0.00,839.00,0.00,247.00,0.00,0.00,0.00,0.00,8.00,0.00,0.00,
SALMON TROLL,IN-SEASON,AREA F – SALMON TROLL,2017,103,12,55.00,0.00,17.00,4853.00,0.00,442.00,121.00,0.00,9.00,26.00,403.00,0.00,0.00,
SALMON TROLL,IN-SEASON,AREA F – SALMON TROLL,2017,104,25,184.00,0.00,60.00,43282.00,1.00,3336.00,357.00,0.00,63.00,6.00,3073.00,0.00,0.00,
SALMON TROLL,IN-SEASON,AREA F – SALMON TROLL,2017,105,8,10.00,0.00,0.00,136.00,0.00,37.00,5.00,0.00,0.00,0.00,23.00,0.00,0.00,
SALMON TROLL,IN-SEASON,AREA F – SALMON TROLL,2017,106,0,0.00,0.00,0.00,0.00,0.00,0.00,0.00,0.00,0.00,0.00,0.00,0.00,0.00,
SALMON TROLL,IN-SEASON,AREA F – SALMON TROLL,2017,107,2,7.00,,,,,,,,,,,,,Catch figures omitted due to privacy restrictions.
SALMON TROLL,IN-SEASON,AREA F – SALMON TROLL,2017,108,1,2.00,,,,,,,,,,,,,Catch figures omitted due to privacy restrictions.
SALMON TROLL,IN-SEASON,AREA F – SALMON TROLL,2017,109,0,0.00,0.00,0.00,0.00,0.00,0.00,0.00,0.00,0.00,0.00,0.00,0.00,0.00,
SALMON TROLL,IN-SEASON,AREA G – SALMON TROLL,2017,123,21,95.00,0.00,0.00,228.00,595.00,3.00,8.00,1.00,0.00,2771.00,584.00,0.00,0.00,
SALMON TROLL,IN-SEASON,AREA G – SALMON TROLL,2017,124,14,47.00,0.00,0.00,12.00,38.00,0.00,0.00,1.00,0.00,600.00,60.00,0.00,0.00,
SALMON TROLL,IN-SEASON,AREA G – SALMON TROLL,2017,125,13,48.00,0.00,0.00,0.00,204.00,0.00,1.00,1.00,0.00,968.00,148.00,0.00,0.00,
SALMON TROLL,IN-SEASON,AREA G – SALMON TROLL,2017,126,61,1100.00,0.00,6.00,91.00,3176.00,12.00,26.00,96.00,12.00,26339.00,1906.00,0.00,0.00,
SALMON TROLL,IN-SEASON,AREA G – SALMON TROLL,2017,127,38,644.00,0.00,7.00,0.00,1606.00,10.00,13.00,57.00,5.00,15375.00,2028.00,0.00,0.00,
SALMON TROLL,IN-SEASON,AREA F – SALMON TROLL,2017,142,17,123.00,0.00,2.00,256.00,556.00,44.00,33.00,1.00,13.00,3001.00,262.00,0.00,0.00,
SALMON TROLL,IN-SEASON,AREA F – SALMON TROLL,2018,1,61,464.00,0.00,855.00,10720.00,27.00,1229.00,855.00,394.00,405.00,5235.00,2328.00,0.00,0.00,
SALMON TROLL,IN-SEASON,AREA F – SALMON TROLL,2018,2,5,65.00,0.00,173.00,828.00,0.00,0.00,15.00,60.00,31.00,1832.00,120.00,0.00,0.00,
SALMON TROLL,IN-SEASON,AREA F – SALMON TROLL,2018,3,0,0.00,0.00,0.00,0.00,0.00,0.00,0.00,0.00,0.00,0.00,0.00,0.00,0.00,
SALMON TROLL,IN-SEASON,AREA F – SALMON TROLL,2018,6,2,20.00,,,,,,,,,,,,,Catch figures omitted due to privacy restrictions.
SALMON TROLL,IN-SEASON,AREA F – SALMON TROLL,2018,7,0,0.00,0.00,0.00,0.00,0.00,0.00,0.00,0.00,0.00,0.00,0.00,0.00,0.00,
SALMON TROLL,IN-SEASON,AREA F – SALMON TROLL,2018,8,0,0.00,0.00,0.00,0.00,0.00,0.00,0.00,0.00,0.00,0.00,0.00,0.00,0.00,
SALMON TROLL,IN-SEASON,AREA G – SALMON TROLL,2018,11,1,3.00,,,,,,,,,,,,,Catch figures omitted due to privacy restrictions.
SALMON TROLL,IN-SEASON,AREA G – SALMON TROLL,2018,12,18,64.00,8921.00,0.00,0.00,112.00,92.00,29.00,2.00,3.00,0.00,249.00,0.00,0.00,
SALMON TROLL,IN-SEASON,AREA H – SALMON TROLL,2018,12,25,223.00,52088.00,1.00,0.00,223.00,312.00,390.00,113.00,38.00,5.00,426.00,0.00,0.00,
SALMON TROLL,IN-SEASON,AREA H – SALMON TROLL,2018,13,23,132.00,9783.00,108.00,0.00,90.00,459.00,55.00,1912.00,18.00,0.00,126.00,0.00,0.00,
SALMON TROLL,IN-SEASON,AREA H – SALMON TROLL,2018,18,0,0.00,0.00,0.00,0.00,0.00,0.00,0.00,0.00,0.00,0.00,0.00,0.00,0.00,
SALMON TROLL,IN-SEASON,AREA G – SALMON TROLL,2018,23,6,53.00,0.00,0.00,0.00,0.00,0.00,0.00,0.00,0.00,441.00,261.00,0.00,0.00,
SALMON TROLL,IN-SEASON,AREA G – SALMON TROLL,2018,24,0,0.00,0.00,0.00,0.00,0.00,0.00,0.00,0.00,0.00,0.00,0.00,0.00,0.00,
SALMON TROLL,IN-SEASON,AREA G – SALMON TROLL,2018,25,1,1.00,,,,,,,,,,,,,Catch figures omitted due to privacy restrictions.
SALMON TROLL,IN-SEASON,AREA G – SALMON TROLL,2018,26,2,5.00,,,,,,,,,,,,,Catch figures omitted due to privacy restrictions.
SALMON TROLL,IN-SEASON,AREA G – SALMON TROLL,2018,27,4,39.00,0.00,0.00,0.00,17.00,0.00,0.00,0.00,0.00,466.00,83.00,0.00,0.00,
SALMON TROLL,IN-SEASON,AREA H – SALMON TROLL,2018,29,28,399.00,120141.00,0.00,1.00,321.00,7.00,18.00,5.00,11.00,1.00,548.00,0.00,0.00,
SALMON TROLL,IN-SEASON,AREA F – SALMON TROLL,2018,101,139,3202.00,3.00,8774.00,126215.00,121.00,25965.00,6974.00,2540.00,3713.00,57973.00,15743.00,0.00,0.00,
SALMON TROLL,IN-SEASON,AREA F – SALMON TROLL,2018,102,5,18.00,0.00,4.00,1191.00,0.00,26.00,8.00,0.00,1.00,0.00,125.00,0.00,0.00,
SALMON TROLL,IN-SEASON,AREA F – SALMON TROLL,2018,103,7,32.00,0.00,40.00,6818.00,0.00,397.00,207.00,0.00,7.00,0.00,714.00,0.00,0.00,
SALMON TROLL,IN-SEASON,AREA F – SALMON TROLL,2018,104,30,142.00,0.00,66.00,27516.00,0.00,2518.00,440.00,0.00,37.00,0.00,2029.00,0.00,0.00,
SALMON TROLL,IN-SEASON,AREA F – SALMON TROLL,2018,105,2,2.00,,,,,,,,,,,,,Catch figures omitted due to privacy restrictions.
SALMON TROLL,IN-SEASON,AREA F – SALMON TROLL,2018,106,0,0.00,0.00,0.00,0.00,0.00,0.00,0.00,0.00,0.00,0.00,0.00,0.00,0.00,
SALMON TROLL,IN-SEASON,AREA F – SALMON TROLL,2018,107,0,0.00,0.00,0.00,0.00,0.00,0.00,0.00,0.00,0.00,0.00,0.00,0.00,0.00,
SALMON TROLL,IN-SEASON,AREA F – SALMON TROLL,2018,108,0,0.00,0.00,0.00,0.00,0.00,0.00,0.00,0.00,0.00,0.00,0.00,0.00,0.00,
SALMON TROLL,IN-SEASON,AREA F – SALMON TROLL,2018,109,0,0.00,0.00,0.00,0.00,0.00,0.00,0.00,0.00,0.00,0.00,0.00,0.00,0.00,
SALMON TROLL,IN-SEASON,AREA G – SALMON TROLL,2018,111,1,3.00,,,,,,,,,,,,,Catch figures omitted due to privacy restrictions.
SALMON TROLL,IN-SEASON,AREA G – SALMON TROLL,2018,123,16,53.00,778.00,3.00,0.00,128.00,0.00,0.00,0.00,2.00,1050.00,418.00,0.00,0.00,
SALMON TROLL,IN-SEASON,AREA G – SALMON TROLL,2018,124,34,153.00,18993.00,1.00,2.00,315.00,2.00,1.00,4.00,5.00,358.00,531.00,0.00,0.00,
SALMON TROLL,IN-SEASON,AREA G – SALMON TROLL,2018,125,11,27.00,0.00,0.00,0.00,25.00,0.00,0.00,0.00,0.00,255.00,10.00,0.00,0.00,
SALMON TROLL,IN-SEASON,AREA G – SALMON TROLL,2018,126,48,693.00,126.00,47.00,0.00,3023.00,4.00,0.00,12.00,5.00,10781.00,591.00,0.00,0.00,
SALMON TROLL,IN-SEASON,AREA G – SALMON TROLL,2018,127,30,531.00,30.00,3.00,0.00,679.00,0.00,4.00,19.00,1.00,5760.00,522.00,0.00,0.00,
SALMON TROLL,IN-SEASON,AREA F – SALMON TROLL,2018,142,25,228.00,0.00,1244.00,3239.00,0.00,753.00,51.00,181.00,631.00,5236.00,730.00,0.00,0.00,
SALMON TROLL,IN-SEASON,AREA F – SALMON TROLL,2019,1,59,538.00,0.00,612.00,25506.00,0.00,6342.00,1559.00,52.00,752.00,5876.00,5797.00,0.00,0.00,
SALMON TROLL,IN-SEASON,AREA F – SALMON TROLL,2019,2,15,81.00,0.00,36.00,282.00,3.00,27.00,43.00,41.00,43.00,1885.00,286.00,0.00,0.00,
SALMON TROLL,IN-SEASON,AREA F – SALMON TROLL,2019,3,0,0.00,0.00,0.00,0.00,0.00,0.00,0.00,0.00,0.00,0.00,0.00,0.00,0.00,
SALMON TROLL,IN-SEASON,AREA F – SALMON TROLL,2019,6,4,42.00,0.00,2.00,1544.00,0.00,584.00,14.00,0.00,10.00,0.00,935.00,0.00,0.00,
SALMON TROLL,IN-SEASON,AREA F – SALMON TROLL,2019,7,3,18.00,0.00,12.00,617.00,0.00,752.00,0.00,0.00,5.00,0.00,393.00,0.00,0.00,
SALMON TROLL,IN-SEASON,AREA F – SALMON TROLL,2019,8,1,3.00,,,,,,,,,,,,,Catch figures omitted due to privacy restrictions.
SALMON TROLL,IN-SEASON,AREA F – SALMON TROLL,2019,101,131,2476.00,12.00,1863.00,136362.00,64.00,49840.00,4844.00,619.00,2378.00,24289.00,28979.00,0.00,0.00,
SALMON TROLL,IN-SEASON,AREA F – SALMON TROLL,2019,102,2,3.00,,,,,,,,,,,,,Catch figures omitted due to privacy restrictions.
SALMON TROLL,IN-SEASON,AREA F – SALMON TROLL,2019,103,12,58.00,1.00,32.00,4422.00,72.00,1576.00,505.00,3.00,96.00,5.00,1354.00,0.00,0.00,
SALMON TROLL,IN-SEASON,AREA F – SALMON TROLL,2019,104,25,77.00,0.00,41.00,8591.00,60.00,1913.00,442.00,0.00,58.00,0.00,2529.00,0.00,0.00,
SALMON TROLL,IN-SEASON,AREA F – SALMON TROLL,2019,105,4,11.00,0.00,1.00,590.00,0.00,97.00,0.00,0.00,3.00,0.00,182.00,0.00,0.00,
SALMON TROLL,IN-SEASON,AREA F – SALMON TROLL,2019,106,2,6.00,,,,,,,,,,,,,Catch figures omitted due to privacy restrictions.
SALMON TROLL,IN-SEASON,AREA F – SALMON TROLL,2019,107,0,0.00,0.00,0.00,0.00,0.00,0.00,0.00,0.00,0.00,0.00,0.00,0.00,0.00,
SALMON TROLL,IN-SEASON,AREA F – SALMON TROLL,2019,108,0,0.00,0.00,0.00,0.00,0.00,0.00,0.00,0.00,0.00,0.00,0.00,0.00,0.00,
SALMON TROLL,IN-SEASON,AREA F – SALMON TROLL,2019,109,0,0.00,0.00,0.00,0.00,0.00,0.00,0.00,0.00,0.00,0.00,0.00,0.00,0.00,
SALMON TROLL,IN-SEASON,AREA G – SALMON TROLL,2019,123,28,199.00,0.00,0.00,0.00,4298.00,31.00,5.00,0.00,0.00,6031.00,233.00,0.00,0.00,
SALMON TROLL,IN-SEASON,AREA G – SALMON TROLL,2019,124,7,15.00,0.00,0.00,0.00,82.00,0.00,0.00,0.00,0.00,624.00,4.00,0.00,0.00,
SALMON TROLL,IN-SEASON,AREA G – SALMON TROLL,2019,125,5,16.00,0.00,0.00,0.00,1.00,0.00,0.00,0.00,0.00,506.00,2.00,0.00,0.00,
SALMON TROLL,IN-SEASON,AREA G – SALMON TROLL,2019,126,43,220.00,0.00,0.00,0.00,380.00,16.00,69.00,1.00,3.00,9503.00,113.00,0.00,0.00,
SALMON TROLL,IN-SEASON,AREA G – SALMON TROLL,2019,127,29,172.00,0.00,4.00,0.00,2684.00,70.00,101.00,0.00,9.00,6531.00,205.00,0.00,0.00,
SALMON TROLL,IN-SEASON,AREA F – SALMON TROLL,2019,142,42,373.00,1.00,106.00,1366.00,1.00,200.00,26.00,187.00,70.00,10746.00,957.00,0.00,0.00,
SALMON TROLL,IN-SEASON,AREA F – SALMON TROLL,2020,1,54,362.00,0.00,76.00,8265.00,10.00,11690.00,5130.00,0.00,79.00,2449.00,1497.00,0.00,0.00,
SALMON TROLL,IN-SEASON,AREA F – SALMON TROLL,2020,2,14,125.00,0.00,18.00,1167.00,11.00,30.00,6.00,0.00,55.00,2547.00,343.00,0.00,0.00,
SALMON TROLL,IN-SEASON,AREA F – SALMON TROLL,2020,3,0,0.00,0.00,0.00,0.00,0.00,0.00,0.00,0.00,0.00,0.00,0.00,0.00,0.00,
SALMON TROLL,IN-SEASON,AREA H – SALMON TROLL,2020,12,0,0.00,0.00,0.00,0.00,0.00,0.00,0.00,0.00,0.00,0.00,0.00,0.00,0.00,
SALMON TROLL,IN-SEASON,AREA H – SALMON TROLL,2020,13,17,142.00,0.00,1.00,0.00,18.00,3.00,4.00,12771.00,0.00,0.00,29.00,0.00,0.00,
SALMON TROLL,IN-SEASON,AREA H – SALMON TROLL,2020,18,1,1.00,,,,,,,,,,,,,Catch figures omitted due to privacy restrictions.
SALMON TROLL,IN-SEASON,AREA F – SALMON TROLL,2020,101,106,1760.00,0.00,506.00,68770.00,142.00,121348.00,25850.00,3.00,1652.00,12771.00,6470.00,0.00,0.00,
SALMON TROLL,IN-SEASON,AREA F – SALMON TROLL,2020,102,0,0.00,0.00,0.00,0.00,0.00,0.00,0.00,0.00,0.00,0.00,0.00,0.00,0.00,
SALMON TROLL,IN-SEASON,AREA F – SALMON TROLL,2020,103,3,9.00,0.00,8.00,842.00,0.00,71.00,437.00,0.00,7.00,0.00,143.00,0.00,0.00,
SALMON TROLL,IN-SEASON,AREA F – SALMON TROLL,2020,104,21,53.00,0.00,17.00,4843.00,62.00,3434.00,1464.00,0.00,6.00,0.00,783.00,0.00,0.00,
SALMON TROLL,IN-SEASON,AREA F – SALMON TROLL,2020,105,9,37.00,0.00,3.00,2481.00,0.00,189.00,97.00,0.00,1.00,0.00,257.00,0.00,0.00,
SALMON TROLL,IN-SEASON,AREA F – SALMON TROLL,2020,106,0,0.00,0.00,0.00,0.00,0.00,0.00,0.00,0.00,0.00,0.00,0.00,0.00,0.00,
SALMON TROLL,IN-SEASON,AREA G – SALMON TROLL,2020,123,30,253.00,0.00,3.00,0.00,3643.00,0.00,22.00,0.00,0.00,4489.00,483.00,0.00,0.00,
SALMON TROLL,IN-SEASON,AREA G – SALMON TROLL,2020,124,8,46.00,0.00,0.00,6.00,243.00,0.00,0.00,0.00,0.00,573.00,123.00,0.00,0.00,
SALMON TROLL,IN-SEASON,AREA G – SALMON TROLL,2020,125,4,7.00,0.00,0.00,0.00,5.00,0.00,0.00,0.00,0.00,55.00,0.00,0.00,0.00,
SALMON TROLL,IN-SEASON,AREA G – SALMON TROLL,2020,126,32,320.00,0.00,0.00,0.00,334.00,0.00,0.00,1.00,0.00,4067.00,29.00,0.00,0.00,
SALMON TROLL,IN-SEASON,AREA G – SALMON TROLL,2020,127,27,195.00,0.00,18.00,0.00,883.00,0.00,0.00,0.00,0.00,2121.00,44.00,0.00,0.00,
SALMON TROLL,IN-SEASON,AREA F – SALMON TROLL,2020,142,48,478.00,0.00,41.00,3013.00,15.00,129.00,30.00,22.00,240.00,12329.00,914.00,0.00,0.00,
SALMON TROLL,IN-SEASON,AREA F – SALMON TROLL,2021,1,51,465.00,0.00,434.00,9881.00,17.00,4107.00,2234.00,0.00,753.00,11945.00,1844.00,0.00,0.00,
SALMON TROLL,IN-SEASON,AREA F – SALMON TROLL,2021,2,19,162.00,0.00,47.00,2229.00,0.00,122.00,20.00,2.00,52.00,4635.00,482.00,0.00,0.00,
SALMON TROLL,IN-SEASON,AREA F – SALMON TROLL,2021,101,101,1689.00,73.00,816.00,51872.00,57.00,77692.00,6927.00,2.00,2299.00,30631.00,8047.00,0.00,0.00,
SALMON TROLL,IN-SEASON,AREA F – SALMON TROLL,2021,142,37,430.00,0.00,111.00,3378.00,5.00,564.00,111.00,0.00,1225.00,17259.00,1722.00,0.00,0.00,
SALMON TROLL,IN-SEASON,AREA G – SALMON TROLL,2021,123,16,175.00,0.00,1.00,0.00,3636.00,2.00,47.00,94.00,0.00,6095.00,834.00,0.00,0.00,
SALMON TROLL,IN-SEASON,AREA G – SALMON TROLL,2021,124,10,41.00,0.00,2.00,0.00,239.00,0.00,23.00,0.00,4.00,1037.00,61.00,0.00,0.00,
SALMON TROLL,IN-SEASON,AREA G – SALMON TROLL,2021,125,6,31.00,0.00,27.00,0.00,296.00,25.00,20.00,77.00,0.00,788.00,13.00,0.00,0.00,
SALMON TROLL,IN-SEASON,AREA G – SALMON TROLL,2021,126,19,282.00,0.00,126.00,51.00,4422.00,32.00,451.00,193.00,71.00,7228.00,128.00,0.00,0.00,
SALMON TROLL,IN-SEASON,AREA G – SALMON TROLL,2021,127,30,286.00,0.00,105.00,48.00,6480.00,298.00,238.00,57.00,1.00,10077.00,431.00,0.00,0.00,
SALMON TROLL,IN-SEASON,AREA H – SALMON TROLL,2021,29,1,1.00,,,,,,,,,,,,,Catch figures omitted due to privacy restrictions.
SALMON TROLL,IN-SEASON,AREA F – SALMON TROLL,2022,1,42,247.00,0.00,303.00,10856.00,22.00,3242.00,1927.00,0.00,956.00,4766.00,2267.00,0.00,0.00,
SALMON TROLL,IN-SEASON,AREA F – SALMON TROLL,2022,2,10,102.00,0.00,73.00,617.00,13.00,126.00,30.00,0.00,59.00,3708.00,536.00,0.00,0.00,
SALMON TROLL,IN-SEASON,AREA F – SALMON TROLL,2022,101,94,1721.00,319.00,1773.00,88889.00,83.00,83933.00,9949.00,2.00,5951.00,38338.00,9097.00,0.00,0.00,
SALMON TROLL,IN-SEASON,AREA F – SALMON TROLL,2022,142,27,263.00,2.00,258.00,2546.00,64.00,483.00,225.00,0.00,493.00,10667.00,864.00,0.00,0.00,
SALMON TROLL,IN-SEASON,AREA G – SALMON TROLL,2022,23,4,39.00,0.00,0.00,0.00,0.00,0.00,0.00,0.00,0.00,636.00,160.00,0.00,0.00,
SALMON TROLL,IN-SEASON,AREA G – SALMON TROLL,2022,24,0,0.00,0.00,0.00,0.00,0.00,0.00,0.00,0.00,0.00,0.00,0.00,0.00,0.00,
SALMON TROLL,IN-SEASON,AREA G – SALMON TROLL,2022,25,0,0.00,0.00,0.00,0.00,0.00,0.00,0.00,0.00,0.00,0.00,0.00,0.00,0.00,
SALMON TROLL,IN-SEASON,AREA G – SALMON TROLL,2022,26,0,0.00,0.00,0.00,0.00,0.00,0.00,0.00,0.00,0.00,0.00,0.00,0.00,0.00,
SALMON TROLL,IN-SEASON,AREA G – SALMON TROLL,2022,27,1,4.00,,,,,,,,,,,,,Catch figures omitted due to privacy restrictions.
SALMON TROLL,IN-SEASON,AREA G – SALMON TROLL,2022,123,20,206.00,31.00,4.00,1.00,1203.00,0.00,0.00,0.00,0.00,10862.00,1449.00,0.00,0.00,
SALMON TROLL,IN-SEASON,AREA G – SALMON TROLL,2022,124,16,98.00,12.00,0.00,28.00,296.00,0.00,0.00,0.00,0.00,5324.00,138.00,0.00,0.00,
SALMON TROLL,IN-SEASON,AREA G – SALMON TROLL,2022,125,0,0.00,0.00,0.00,0.00,0.00,0.00,0.00,0.00,0.00,0.00,0.00,0.00,0.00,
SALMON TROLL,IN-SEASON,AREA G – SALMON TROLL,2022,126,13,50.00,0.00,1.00,0.00,533.00,0.00,0.00,0.00,0.00,1517.00,115.00,0.00,0.00,
SALMON TROLL,IN-SEASON,AREA G – SALMON TROLL,2022,127,28,197.00,0.00,19.00,0.00,1814.00,0.00,3.00,0.00,0.00,6347.00,414.00,0.00,0.00,
SALMON TROLL,IN-SEASON,AREA H – SALMON TROLL,2022,12,0,0.00,0.00,0.00,0.00,0.00,0.00,0.00,0.00,0.00,0.00,0.00,0.00,0.00,
SALMON TROLL,IN-SEASON,AREA H – SALMON TROLL,2022,13,12,67.00,0.00,6.00,0.00,33.00,1.00,17.00,4498.00,0.00,0.00,6.00,0.00,0.00,
SALMON TROLL,IN-SEASON,AREA H – SALMON TROLL,2022,18,0,0.00,0.00,0.00,0.00,0.00,0.00,0.00,0.00,0.00,0.00,0.00,0.00,0.00,
SALMON TROLL,IN-SEASON,AREA H – SALMON TROLL,2022,19,0,0.00,0.00,0.00,0.00,0.00,0.00,0.00,0.00,0.00,0.00,0.00,0.00,0.00,
SALMON TROLL,IN-SEASON,AREA H – SALMON TROLL,2022,29,17,75.00,15547.00,0.00,0.00,237.00,0.00,0.00,0.00,3.00,0.00,390.00,0.00,0.00,
SALMON TROLL,IN-SEASON,AREA F – SALMON TROLL,2023,1,34,246.00,0.00,92.00,12154.00,40.00,441.00,414.00,0.00,182.00,6842.00,1867.00,0.00,0.00,
SALMON TROLL,IN-SEASON,AREA F – SALMON TROLL,2023,2,19,184.00,0.00,20.00,1377.00,1.00,64.00,17.00,0.00,25.00,7817.00,1146.00,0.00,0.00,
SALMON TROLL,IN-SEASON,AREA F – SALMON TROLL,2023,101,84,1593.00,191.00,356.00,89206.00,210.00,116004.00,3951.00,8.00,1730.00,26799.00,9014.00,0.00,2.00,
SALMON TROLL,IN-SEASON,AREA F – SALMON TROLL,2023,103,24,246.00,142.00,12.00,12909.00,14.00,51591.00,75.00,0.00,225.00,0.00,1120.00,0.00,1.00,
SALMON TROLL,IN-SEASON,AREA F – SALMON TROLL,2023,142,29,265.00,0.00,47.00,1827.00,0.00,301.00,34.00,0.00,266.00,10319.00,1455.00,0.00,0.00,
SALMON TROLL,IN-SEASON,AREA G – SALMON TROLL,2023,23,9,165.00,0.00,0.00,0.00,27.00,0.00,0.00,0.00,0.00,2250.00,740.00,0.00,0.00,
SALMON TROLL,IN-SEASON,AREA G – SALMON TROLL,2023,24,0,0.00,0.00,0.00,0.00,0.00,0.00,0.00,0.00,0.00,0.00,0.00,0.00,0.00,
SALMON TROLL,IN-SEASON,AREA G – SALMON TROLL,2023,25,0,0.00,0.00,0.00,0.00,0.00,0.00,0.00,0.00,0.00,0.00,0.00,0.00,0.00,
SALMON TROLL,IN-SEASON,AREA G – SALMON TROLL,2023,26,0,0.00,0.00,0.00,0.00,0.00,0.00,0.00,0.00,0.00,0.00,0.00,0.00,0.00,
SALMON TROLL,IN-SEASON,AREA G – SALMON TROLL,2023,27,2,16.00,,,,,,,,,,,,,Catch figures omitted due to privacy restrictions.
SALMON TROLL,IN-SEASON,AREA G – SALMON TROLL,2023,123,21,94.00,0.00,1.00,0.00,621.00,9.00,24.00,0.00,0.00,2415.00,55.00,0.00,0.00,
SALMON TROLL,IN-SEASON,AREA G – SALMON TROLL,2023,124,8,21.00,0.00,0.00,0.00,91.00,0.00,0.00,0.00,0.00,399.00,17.00,0.00,0.00,
SALMON TROLL,IN-SEASON,AREA G – SALMON TROLL,2023,125,11,20.00,0.00,0.00,0.00,90.00,0.00,0.00,0.00,0.00,945.00,15.00,0.00,0.00,
SALMON TROLL,IN-SEASON,AREA G – SALMON TROLL,2023,126,23,144.00,0.00,0.00,3.00,1233.00,21.00,0.00,0.00,0.00,10046.00,126.00,0.00,0.00,
SALMON TROLL,IN-SEASON,AREA G – SALMON TROLL,2023,127,14,84.00,0.00,0.00,0.00,1550.00,0.00,18.00,0.00,1.00,5552.00,150.00,0.00,0.00,
SALMON TROLL,IN-SEASON,AREA H – SALMON TROLL,2023,12,0,0.00,0.00,0.00,0.00,0.00,0.00,0.00,0.00,0.00,0.00,0.00,0.00,0.00,
SALMON TROLL,IN-SEASON,AREA H – SALMON TROLL,2023,13,0,0.00,0.00,0.00,0.00,0.00,0.00,0.00,0.00,0.00,0.00,0.00,0.00,0.00,
SALMON TROLL,IN-SEASON,AREA H – SALMON TROLL,2023,29,3,15.00,0.00,285.00,0.00,61.00,3180.00,0.00,0.00,1.00,0.00,136.00,0.00,0.00,
SALMON TROLL,IN-SEASON,AREA F – SALMON TROLL,2024,1,29,219.00,0.00,26.00,8442.00,12.00,2430.00,1949.00,0.00,898.00,7621.00,1417.00,0.00,0.00,
SALMON TROLL,IN-SEASON,AREA F – SALMON TROLL,2024,2,13,150.00,0.00,17.00,877.00,2.00,46.00,128.00,0.00,406.00,8592.00,751.00,0.00,0.00,
SALMON TROLL,IN-SEASON,AREA F – SALMON TROLL,2024,101,71,1232.00,198.00,38.00,58448.00,197.00,55588.00,5568.00,0.00,5064.00,37099.00,8494.00,0.00,0.00,
SALMON TROLL,IN-SEASON,AREA F – SALMON TROLL,2024,103,19,277.00,161.00,4.00,18125.00,12.00,28649.00,952.00,0.00,386.00,0.00,1706.00,0.00,0.00,
SALMON TROLL,IN-SEASON,AREA F – SALMON TROLL,2024,142,31,382.00,0.00,9.00,4064.00,135.00,828.00,1051.00,0.00,2589.00,23278.00,1831.00,0.00,0.00,
SALMON TROLL,IN-SEASON,AREA G – SALMON TROLL,2024,23,7,158.00,0.00,0.00,0.00,1.00,0.00,0.00,0.00,0.00,2097.00,754.00,0.00,0.00,
SALMON TROLL,IN-SEASON,AREA G – SALMON TROLL,2024,24,0,0.00,0.00,0.00,0.00,0.00,0.00,0.00,0.00,0.00,0.00,0.00,0.00,0.00,
SALMON TROLL,IN-SEASON,AREA G – SALMON TROLL,2024,25,0,0.00,0.00,0.00,0.00,0.00,0.00,0.00,0.00,0.00,0.00,0.00,0.00,0.00,
SALMON TROLL,IN-SEASON,AREA G – SALMON TROLL,2024,26,3,31.00,0.00,0.00,0.00,1.00,0.00,0.00,0.00,0.00,670.00,57.00,0.00,0.00,
SALMON TROLL,IN-SEASON,AREA G – SALMON TROLL,2024,27,6,84.00,0.00,0.00,0.00,2.00,0.00,0.00,0.00,0.00,1373.00,119.00,0.00,0.00,
SALMON TROLL,IN-SEASON,AREA G – SALMON TROLL,2024,123,14,58.00,0.00,0.00,0.00,892.00,0.00,0.00,0.00,0.00,1727.00,68.00,0.00,0.00,
SALMON TROLL,IN-SEASON,AREA G – SALMON TROLL,2024,124,12,40.00,0.00,0.00,0.00,653.00,0.00,0.00,0.00,0.00,1397.00,13.00,0.00,0.00,
SALMON TROLL,IN-SEASON,AREA G – SALMON TROLL,2024,125,1,6.00,,,,,,,,,,,,,Catch figures omitted due to privacy restrictions.
SALMON TROLL,IN-SEASON,AREA G – SALMON TROLL,2024,126,14,68.00,0.00,0.00,0.00,1007.00,0.00,0.00,0.00,0.00,5152.00,50.00,0.00,0.00,
SALMON TROLL,IN-SEASON,AREA G – SALMON TROLL,2024,127,13,135.00,0.00,0.00,0.00,1988.00,0.00,0.00,0.00,5.00,11372.00,343.00,0.00,0.00,
SALMON TROLL,IN-SEASON,AREA H – SALMON TROLL,2024,12,0,0.00,0.00,0.00,0.00,0.00,0.00,0.00,0.00,0.00,0.00,0.00,0.00,0.00,
SALMON TROLL,IN-SEASON,AREA H – SALMON TROLL,2024,13,14,155.00,0.00,0.00,0.00,278.00,0.00,10.00,37538.00,0.00,0.00,36.00,0.00,0.00,
SALMON TROLL,IN-SEASON,AREA H – SALMON TROLL,2024,29,0,0.00,0.00,0.00,0.00,0.00,0.00,0.00,0.00,0.00,0.00,0.00,0.00,0.00,
